Timestamp,Temperature_C,Chamber_Pressure_kPa,Relative_Humidity_Pct,Mobility_Index
2026-05-20 08:00:00,35.0,99.668,66.0,-8.57854
2026-05-20 08:00:50,35.1,99.666,64.7,-5.45964
2026-05-20 08:01:40,35.1,99.671,64.8,1372.51512
2026-05-20 08:02:30,35.0,99.666,64.7,1358.64513
2026-05-20 08:03:20,35.1,99.669,65.9,1724.04745
2026-05-20 08:04:10,35.1,99.661,65.6,-4.48011
2026-05-20 08:05:00,35.0,99.67,64.6,1834.56715
2026-05-20 08:05:50,35.0,99.669,63.9,-6.10997
2026-05-20 08:06:40,35.0,99.661,65.1,-6.02517
2026-05-20 08:07:30,35.0,99.668,63.1,1880.18872
2026-05-20 08:08:20,35.1,99.668,64.0,1696.29086
2026-05-20 08:09:10,35.0,99.677,66.0,1461.49866
2026-05-20 08:10:00,35.0,99.664,65.2,-5.53341
2026-05-20 08:10:50,35.0,99.663,64.3,1602.4136
2026-05-20 08:11:40,35.0,99.672,66.3,1929.24283
2026-05-20 08:12:30,35.0,99.669,65.6,1638.59394
2026-05-20 08:13:20,35.0,99.666,64.5,1682.97683
2026-05-20 08:14:10,35.1,99.676,64.3,-11.29933
2026-05-20 08:15:00,35.0,99.664,64.4,1759.08174
2026-05-20 08:15:50,35.0,99.665,64.1,1358.45099
2026-05-20 08:16:40,35.0,99.668,63.9,374.57397
2026-05-20 08:17:30,35.0,99.671,64.6,107.34419
2026-05-20 08:18:20,35.0,99.674,65.3,387.5604
2026-05-20 08:19:10,35.0,99.665,64.8,-12.17115
2026-05-20 08:20:00,35.0,99.658,66.6,-5.95174
2026-05-20 08:20:50,35.0,99.667,64.6,1914.56869
2026-05-20 08:21:40,35.1,99.663,65.4,314.59157
2026-05-20 08:22:30,35.1,99.662,65.1,-3.90365
2026-05-20 08:23:20,35.0,99.663,65.1,-11.39629
2026-05-20 08:24:10,35.0,99.669,64.2,1350.13709
2026-05-20 08:25:00,35.0,99.663,63.6,50.9943
2026-05-20 08:25:50,35.0,99.667,64.9,378.38256
2026-05-20 08:26:40,35.0,99.669,65.9,1913.72717
2026-05-20 08:27:30,35.0,99.678,64.3,-6.11231
2026-05-20 08:28:20,35.0,99.67,65.1,-5.66846
2026-05-20 08:29:10,35.1,99.664,65.7,-12.77521
2026-05-20 08:30:00,35.1,99.677,63.0,-8.94366
2026-05-20 08:30:50,35.0,99.664,67.7,-4.61753
2026-05-20 08:31:40,35.0,99.669,64.8,-12.8804
2026-05-20 08:32:30,35.0,99.661,65.2,-6.02146
2026-05-20 08:33:20,35.0,99.664,66.8,-5.50581
2026-05-20 08:34:10,35.0,99.673,65.4,-7.25875
2026-05-20 08:35:00,35.0,99.669,65.7,-5.64105
2026-05-20 08:35:50,35.1,99.663,66.4,-6.59628
2026-05-20 08:36:40,35.0,99.671,63.4,1507.64709
2026-05-20 08:37:30,34.9,99.67,64.9,1392.80749
2026-05-20 08:38:20,35.0,99.67,63.7,1410.40559
2026-05-20 08:39:10,35.0,99.659,64.5,-2.56307
2026-05-20 08:40:00,35.0,99.67,64.2,1806.46846
2026-05-20 08:40:50,35.0,99.671,66.1,1794.90388
2026-05-20 08:41:40,35.0,99.671,65.5,1783.89511
2026-05-20 08:42:30,35.0,99.657,65.9,-12.61016
2026-05-20 08:43:20,35.0,99.664,66.3,413.12375
2026-05-20 08:44:10,35.0,99.661,66.1,93.94892
2026-05-20 08:45:00,35.0,99.674,63.3,1793.74054
2026-05-20 08:45:50,35.0,99.666,64.9,1598.87922
2026-05-20 08:46:40,35.0,99.669,67.0,-10.23693
2026-05-20 08:47:30,35.0,99.673,67.0,-11.85893
2026-05-20 08:48:20,35.0,99.663,66.1,1652.75224
2026-05-20 08:49:10,35.1,99.66,64.8,200.17768
2026-05-20 08:50:00,35.0,99.662,66.1,1694.92089
2026-05-20 08:50:50,35.1,99.667,65.7,266.03244
2026-05-20 08:51:40,35.0,99.672,65.6,-11.90074
2026-05-20 08:52:30,35.0,99.665,67.3,-5.35654
2026-05-20 08:53:20,35.0,99.675,66.1,1654.20748
2026-05-20 08:54:10,35.0,99.677,64.2,-3.74743
2026-05-20 08:55:00,35.1,99.677,65.4,284.32808
2026-05-20 08:55:50,35.0,99.671,66.0,209.55355
2026-05-20 08:56:40,35.0,99.664,64.3,256.77828
2026-05-20 08:57:30,35.0,99.664,64.2,-12.59758
2026-05-20 08:58:20,35.0,99.67,65.7,1879.53308
2026-05-20 08:59:10,35.0,99.666,63.5,1845.86362
2026-05-20 09:00:00,35.0,99.655,63.4,274.93799
2026-05-20 09:00:50,35.0,99.675,67.4,-9.71132
2026-05-20 09:01:40,35.0,99.663,64.5,1646.47275
2026-05-20 09:02:30,35.0,99.67,64.8,-11.74322
2026-05-20 09:03:20,35.0,99.667,66.2,1783.59121
2026-05-20 09:04:10,35.0,99.663,64.5,39.42516
2026-05-20 09:05:00,35.0,99.669,64.6,-11.87858
2026-05-20 09:05:50,35.0,99.675,65.3,1939.35149
2026-05-20 09:06:40,35.0,99.658,65.5,1375.80603
2026-05-20 09:07:30,35.0,99.665,65.6,-6.17209
2026-05-20 09:08:20,35.0,99.666,66.8,-11.38672
2026-05-20 09:09:10,35.0,99.661,66.9,-11.77029
2026-05-20 09:10:00,35.0,99.66,66.0,1366.00561
2026-05-20 09:10:50,35.0,99.663,63.9,1477.89996
2026-05-20 09:11:40,35.0,99.671,64.6,-10.84209
2026-05-20 09:12:30,35.0,99.672,64.5,1902.73086
2026-05-20 09:13:20,35.0,99.661,65.7,1475.7078
2026-05-20 09:14:10,35.0,99.68,64.5,1619.24351
2026-05-20 09:15:00,35.0,99.669,66.7,88.53536
2026-05-20 09:15:50,35.1,99.661,65.4,1698.86231
2026-05-20 09:16:40,35.1,99.663,65.8,1928.39331
2026-05-20 09:17:30,35.1,99.667,63.6,-14.2302
2026-05-20 09:18:20,35.1,99.67,65.3,186.32903
2026-05-20 09:19:10,35.0,99.657,66.3,1906.82404
2026-05-20 09:20:00,35.0,99.67,65.5,1518.11433
2026-05-20 09:20:50,35.1,99.672,64.2,1418.0574
2026-05-20 09:21:40,35.0,99.672,62.7,-6.67968
2026-05-20 09:22:30,35.0,99.667,64.4,1428.32704
2026-05-20 09:23:20,35.0,99.665,64.1,1591.69825
2026-05-20 09:24:10,35.0,99.674,66.3,141.61834
2026-05-20 09:25:00,35.0,99.673,64.4,1672.06413
2026-05-20 09:25:50,35.1,99.668,63.5,1710.28868
2026-05-20 09:26:40,35.0,99.676,62.9,258.93527
2026-05-20 09:27:30,35.0,99.669,65.9,1372.45665
2026-05-20 09:28:20,35.0,99.663,67.5,1537.8113
2026-05-20 09:29:10,35.0,99.665,65.4,1709.40707
2026-05-20 09:30:00,35.0,99.662,65.4,39.34125
2026-05-20 09:30:50,35.0,99.668,66.3,1849.38332
2026-05-20 09:31:40,35.1,99.666,65.5,-9.41215
2026-05-20 09:32:30,34.9,99.675,64.0,1449.0727
2026-05-20 09:33:20,35.1,99.666,65.8,-9.39846
2026-05-20 09:34:10,35.0,99.677,66.1,-8.39328
2026-05-20 09:35:00,35.0,99.664,65.9,1473.2824
2026-05-20 09:35:50,35.0,99.669,67.0,1698.83811
2026-05-20 09:36:40,35.0,99.663,65.5,-5.13938
2026-05-20 09:37:30,35.0,99.676,65.8,1510.50218
2026-05-20 09:38:20,35.0,99.67,64.6,350.76511
2026-05-20 09:39:10,35.0,99.66,65.7,-2.65366
2026-05-20 09:40:00,35.1,99.662,65.4,1864.20978
2026-05-20 09:40:50,35.0,99.666,65.9,218.04761
2026-05-20 09:41:40,35.0,99.666,65.8,1889.53179
2026-05-20 09:42:30,34.9,99.676,63.4,1722.08797
2026-05-20 09:43:20,35.1,99.669,66.5,1801.5753
2026-05-20 09:44:10,35.0,99.663,64.1,1652.09322
2026-05-20 09:45:00,35.1,99.653,66.0,-12.35803
2026-05-20 09:45:50,35.0,99.662,66.6,1581.75613
2026-05-20 09:46:40,35.0,99.675,63.6,-11.76074
2026-05-20 09:47:30,35.0,99.668,64.0,1380.30803
2026-05-20 09:48:20,35.0,99.672,66.1,-7.3947
2026-05-20 09:49:10,35.0,99.665,65.4,1440.74079
2026-05-20 09:50:00,35.0,99.667,65.3,1751.09386
2026-05-20 09:50:50,35.1,99.662,67.0,1497.24913
2026-05-20 09:51:40,35.0,99.666,67.4,-7.19123
2026-05-20 09:52:30,35.0,99.675,66.9,-10.26848
2026-05-20 09:53:20,35.1,99.676,66.5,157.64148
2026-05-20 09:54:10,35.0,99.666,67.2,440.16552
2026-05-20 09:55:00,35.0,99.663,66.2,-5.70648
2026-05-20 09:55:50,35.0,99.673,65.8,1880.87101
2026-05-20 09:56:40,35.1,99.668,63.8,-14.16442
2026-05-20 09:57:30,35.1,99.666,64.4,-6.23381
2026-05-20 09:58:20,35.0,99.682,62.9,-9.88933
2026-05-20 09:59:10,35.0,99.673,65.9,21.89552
2026-05-20 10:00:00,35.0,99.659,65.9,-10.7401
2026-05-20 10:00:50,35.0,99.669,65.1,-8.07119
2026-05-20 10:01:40,35.0,99.668,65.2,1898.605
2026-05-20 10:02:30,35.0,99.668,65.0,1462.8691
2026-05-20 10:03:20,35.0,99.664,65.5,340.58585
2026-05-20 10:04:10,35.1,99.67,64.6,1562.31393
2026-05-20 10:05:00,35.0,99.67,65.2,37.08885
2026-05-20 10:05:50,35.1,99.667,64.1,1825.27183
2026-05-20 10:06:40,34.9,99.664,66.9,-10.66235
2026-05-20 10:07:30,35.0,99.661,65.4,-12.73341
2026-05-20 10:08:20,35.0,99.664,63.8,-3.57089
2026-05-20 10:09:10,35.0,99.674,64.8,1432.04157
2026-05-20 10:10:00,35.0,99.663,67.0,1724.86153
2026-05-20 10:10:50,35.0,99.667,64.1,1808.23916
2026-05-20 10:11:40,35.0,99.665,64.3,-11.78658
2026-05-20 10:12:30,35.0,99.678,66.0,-3.49344
2026-05-20 10:13:20,35.1,99.663,64.3,-9.19161
2026-05-20 10:14:10,34.9,99.668,63.7,1446.78866
2026-05-20 10:15:00,34.9,99.677,65.8,1389.74891
2026-05-20 10:15:50,35.0,99.668,62.7,1566.25406
2026-05-20 10:16:40,35.1,99.663,64.7,1616.04917
2026-05-20 10:17:30,35.1,99.667,65.3,-5.02158
2026-05-20 10:18:20,35.0,99.672,66.5,-2.73148
2026-05-20 10:19:10,35.0,99.663,66.4,1937.09897
2026-05-20 10:20:00,35.0,99.669,64.2,50.32489
2026-05-20 10:20:50,35.0,99.668,65.5,1573.56447
2026-05-20 10:21:40,35.1,99.665,65.6,1486.04413
2026-05-20 10:22:30,35.0,99.675,64.3,1827.84038
2026-05-20 10:23:20,35.0,99.669,64.1,1750.1103
2026-05-20 10:24:10,35.1,99.674,65.1,-10.24537
2026-05-20 10:25:00,35.0,99.668,63.6,-12.9429
2026-05-20 10:25:50,35.0,99.662,66.1,1500.11037
2026-05-20 10:26:40,35.0,99.665,63.7,1707.76879
2026-05-20 10:27:30,35.0,99.668,65.9,1669.31846
2026-05-20 10:28:20,35.0,99.674,65.2,1480.24958
2026-05-20 10:29:10,35.0,99.677,65.2,213.53601
2026-05-20 10:30:00,35.1,99.668,66.0,1556.54138
2026-05-20 10:30:50,35.0,99.667,64.6,-7.85944
2026-05-20 10:31:40,35.0,99.668,66.7,1730.6072
2026-05-20 10:32:30,35.0,99.67,67.4,-13.45429
2026-05-20 10:33:20,35.0,99.667,67.5,-11.17234
2026-05-20 10:34:10,35.0,99.669,67.3,-6.9222
2026-05-20 10:35:00,35.0,99.669,65.7,1849.98288
2026-05-20 10:35:50,35.0,99.657,66.6,1787.75696
2026-05-20 10:36:40,35.0,99.669,65.0,-9.39792
2026-05-20 10:37:30,35.0,99.671,64.1,1867.89439
2026-05-20 10:38:20,35.1,99.67,64.2,-7.21729
2026-05-20 10:39:10,35.0,99.666,64.5,1532.20624
2026-05-20 10:40:00,35.0,99.67,66.2,-4.1871
2026-05-20 10:40:50,35.0,99.669,66.0,-3.50527
2026-05-20 10:41:40,35.0,99.673,66.4,134.2591
2026-05-20 10:42:30,35.0,99.673,66.4,1861.97303
2026-05-20 10:43:20,35.1,99.662,63.7,1744.09869
2026-05-20 10:44:10,34.9,99.665,67.4,1507.52994
2026-05-20 10:45:00,35.0,99.663,66.8,1552.02312
2026-05-20 10:45:50,35.0,99.666,63.7,-14.79107
2026-05-20 10:46:40,35.0,99.67,65.9,-9.20656
2026-05-20 10:47:30,35.0,99.661,65.1,1533.89155
2026-05-20 10:48:20,35.0,99.671,66.2,85.47738
2026-05-20 10:49:10,35.0,99.671,65.4,-9.34619
2026-05-20 10:50:00,35.0,99.667,64.8,-2.65317
2026-05-20 10:50:50,35.0,99.673,65.3,1606.46668
2026-05-20 10:51:40,35.1,99.668,65.8,1746.84784
2026-05-20 10:52:30,35.1,99.663,65.2,1357.20024
2026-05-20 10:53:20,35.1,99.671,65.4,-12.77278
2026-05-20 10:54:10,35.0,99.669,64.7,1685.35572
2026-05-20 10:55:00,34.9,99.673,63.4,-9.77561
2026-05-20 10:55:50,35.0,99.668,66.6,305.00951
2026-05-20 10:56:40,35.0,99.671,64.9,-6.41969
2026-05-20 10:57:30,35.0,99.666,65.2,-13.25371
2026-05-20 10:58:20,35.1,99.681,68.1,1432.93195
2026-05-20 10:59:10,35.0,99.667,65.5,1833.62127
2026-05-20 11:00:00,35.0,99.663,66.1,256.69709
2026-05-20 11:00:50,35.0,99.673,63.9,-10.68794
2026-05-20 11:01:40,34.9,99.669,65.8,-5.95668
2026-05-20 11:02:30,35.0,99.671,66.4,1487.31837
2026-05-20 11:03:20,35.1,99.663,64.0,-14.49373
2026-05-20 11:04:10,35.1,99.66,66.1,-13.70416
2026-05-20 11:05:00,35.0,99.672,65.8,119.8734
2026-05-20 11:05:50,35.1,99.67,64.9,1928.24921
2026-05-20 11:06:40,35.0,99.678,63.7,1810.39159
2026-05-20 11:07:30,35.0,99.666,64.4,-7.91381
2026-05-20 11:08:20,35.0,99.67,63.8,-5.04847
2026-05-20 11:09:10,35.0,99.675,63.5,-5.22887
2026-05-20 11:10:00,35.0,99.667,65.5,-4.71103
2026-05-20 11:10:50,35.0,99.659,64.4,1934.16996
2026-05-20 11:11:40,35.0,99.664,66.8,1597.5035
2026-05-20 11:12:30,35.1,99.673,64.8,-6.11159
2026-05-20 11:13:20,35.0,99.664,64.8,1746.51124
2026-05-20 11:14:10,35.1,99.673,65.2,-7.5887
2026-05-20 11:15:00,35.0,99.678,65.8,400.58922
2026-05-20 11:15:50,35.0,99.664,64.9,417.02353
2026-05-20 11:16:40,35.0,99.672,64.7,-13.51305
2026-05-20 11:17:30,35.0,99.664,64.1,1898.79293
2026-05-20 11:18:20,35.0,99.665,63.9,-14.44226
2026-05-20 11:19:10,35.0,99.675,64.2,-13.35413
2026-05-20 11:20:00,35.0,99.674,65.5,-11.99094
2026-05-20 11:20:50,35.0,99.675,66.4,1398.37445
2026-05-20 11:21:40,35.0,99.662,62.6,-8.37296
2026-05-20 11:22:30,35.0,99.668,63.1,1737.35861
2026-05-20 11:23:20,35.0,99.668,66.6,1467.72705
2026-05-20 11:24:10,35.0,99.661,64.8,-11.17731
2026-05-20 11:25:00,35.0,99.672,63.8,82.99581
2026-05-20 11:25:50,35.0,99.665,65.2,1553.5861
2026-05-20 11:26:40,35.0,99.661,64.0,1903.07891
2026-05-20 11:27:30,35.0,99.661,62.7,1793.46818
2026-05-20 11:28:20,35.0,99.666,61.7,1608.09517
2026-05-20 11:29:10,35.0,99.669,64.0,-7.20631
2026-05-20 11:30:00,35.0,99.662,66.3,1863.78429
2026-05-20 11:30:50,35.1,99.673,65.0,1700.18163
2026-05-20 11:31:40,35.0,99.674,66.5,-2.59438
2026-05-20 11:32:30,35.0,99.668,64.3,-5.85322
2026-05-20 11:33:20,35.1,99.671,64.5,1780.54617
2026-05-20 11:34:10,35.1,99.668,64.5,162.42215
2026-05-20 11:35:00,35.1,99.669,64.8,298.63837
2026-05-20 11:35:50,35.0,99.661,65.5,-2.96971
2026-05-20 11:36:40,35.0,99.66,64.8,-2.73361
2026-05-20 11:37:30,35.1,99.666,63.9,-3.96895
2026-05-20 11:38:20,35.1,99.671,64.8,-8.74179
2026-05-20 11:39:10,35.0,99.668,64.8,1544.56439
2026-05-20 11:40:00,35.0,99.663,66.2,1806.05339
2026-05-20 11:40:50,35.1,99.673,64.3,1834.78402
2026-05-20 11:41:40,35.0,99.664,67.4,1562.66452
2026-05-20 11:42:30,35.0,99.667,64.1,1502.8164
2026-05-20 11:43:20,35.1,99.665,63.4,1543.65004
2026-05-20 11:44:10,35.1,99.675,64.4,-14.01188
2026-05-20 11:45:00,35.1,99.661,65.1,203.75706
2026-05-20 11:45:50,35.0,99.675,64.8,-5.22514
2026-05-20 11:46:40,35.0,99.668,65.2,1711.27518
2026-05-20 11:47:30,35.1,99.668,64.1,-14.30574
2026-05-20 11:48:20,35.0,99.668,65.4,-6.31996
2026-05-20 11:49:10,35.0,99.668,64.3,-6.12103
2026-05-20 11:50:00,35.1,99.674,65.7,1422.53608
2026-05-20 11:50:50,35.1,99.668,66.9,1719.03982
2026-05-20 11:51:40,35.0,99.671,67.0,1739.05892
2026-05-20 11:52:30,34.9,99.668,65.6,-11.5413
2026-05-20 11:53:20,34.9,99.659,67.0,1380.7165
2026-05-20 11:54:10,35.1,99.673,66.7,-4.92827
2026-05-20 11:55:00,35.0,99.665,67.4,-7.35845
2026-05-20 11:55:50,35.0,99.664,65.0,1769.49389
2026-05-20 11:56:40,35.1,99.667,62.7,1590.7484
2026-05-20 11:57:30,35.0,99.671,63.4,233.04327
2026-05-20 11:58:20,35.0,99.67,64.5,-6.13436
2026-05-20 11:59:10,35.0,99.667,65.3,1765.79461
2026-05-20 12:00:00,35.0,99.664,66.1,1402.47936
2026-05-20 12:00:50,35.0,99.67,65.9,67.66291
2026-05-20 12:01:40,35.1,99.669,66.1,251.54192
2026-05-20 12:02:30,35.0,99.669,64.0,1481.48458
2026-05-20 12:03:20,35.0,99.662,64.4,-10.01885
2026-05-20 12:04:10,35.1,99.665,67.6,1809.93845
2026-05-20 12:05:00,35.1,99.669,64.7,1847.12747
2026-05-20 12:05:50,35.0,99.675,65.3,-5.66558
2026-05-20 12:06:40,35.0,99.673,64.8,1702.20669
2026-05-20 12:07:30,34.9,99.661,65.9,-6.89429
2026-05-20 12:08:20,35.0,99.666,63.6,1924.98534
2026-05-20 12:09:10,35.0,99.667,66.3,1807.86332
2026-05-20 12:10:00,35.1,99.672,67.5,-10.36096
2026-05-20 12:10:50,35.0,99.67,66.5,425.3048
2026-05-20 12:11:40,35.0,99.663,66.0,358.23459
2026-05-20 12:12:30,35.0,99.67,64.7,407.48627
2026-05-20 12:13:20,35.0,99.672,63.0,1520.29455
2026-05-20 12:14:10,35.0,99.67,63.4,-10.06536
2026-05-20 12:15:00,35.0,99.674,64.7,1407.44154
2026-05-20 12:15:50,35.1,99.668,65.4,-9.29466
2026-05-20 12:16:40,35.0,99.669,63.4,-14.19201
2026-05-20 12:17:30,35.0,99.674,64.0,-8.35298
2026-05-20 12:18:20,35.1,99.678,61.5,-5.20038
2026-05-20 12:19:10,35.0,99.67,67.0,1934.04039
2026-05-20 12:20:00,34.9,99.667,64.6,-12.17577
2026-05-20 12:20:50,35.0,99.674,63.5,-2.5026
2026-05-20 12:21:40,34.9,99.673,65.8,-6.48757
2026-05-20 12:22:30,35.0,99.675,65.2,412.49461
2026-05-20 12:23:20,35.1,99.675,66.0,1591.54126
2026-05-20 12:24:10,35.1,99.665,65.3,-5.3376
2026-05-20 12:25:00,35.1,99.669,64.6,-6.42915
2026-05-20 12:25:50,35.0,99.668,67.4,1518.31781
2026-05-20 12:26:40,34.9,99.673,63.4,1814.56284
2026-05-20 12:27:30,35.0,99.671,65.9,92.94067
2026-05-20 12:28:20,35.0,99.666,66.0,-7.61228
2026-05-20 12:29:10,35.0,99.668,66.0,1937.22636
2026-05-20 12:30:00,35.1,99.675,64.9,1452.88638
2026-05-20 12:30:50,35.0,99.672,65.4,1902.86982
2026-05-20 12:31:40,35.0,99.673,63.4,1750.60376
2026-05-20 12:32:30,35.0,99.668,64.5,1421.55596
2026-05-20 12:33:20,35.0,99.669,67.0,1740.11329
2026-05-20 12:34:10,35.0,99.672,67.5,-10.78752
2026-05-20 12:35:00,35.1,99.672,65.1,-7.03473
2026-05-20 12:35:50,35.0,99.661,66.8,1453.68711
2026-05-20 12:36:40,35.0,99.674,62.9,-11.84961
2026-05-20 12:37:30,35.0,99.667,65.9,1490.63248
2026-05-20 12:38:20,35.0,99.667,64.8,1378.3668
2026-05-20 12:39:10,35.0,99.667,66.3,34.59114
2026-05-20 12:40:00,35.0,99.669,65.6,248.95189
2026-05-20 12:40:50,35.0,99.662,63.3,1507.99143
2026-05-20 12:41:40,35.0,99.663,65.2,-8.87919
2026-05-20 12:42:30,35.0,99.671,63.9,1503.64127
2026-05-20 12:43:20,35.1,99.667,67.1,-3.6997
2026-05-20 12:44:10,35.1,99.679,65.2,125.31169
2026-05-20 12:45:00,35.1,99.671,63.6,-7.49403
2026-05-20 12:45:50,35.0,99.668,67.0,-7.6015
2026-05-20 12:46:40,35.1,99.673,65.0,1833.7344
2026-05-20 12:47:30,35.0,99.665,63.3,1933.83078
2026-05-20 12:48:20,35.0,99.675,66.4,-7.85705
2026-05-20 12:49:10,35.1,99.663,66.1,1691.94161
2026-05-20 12:50:00,35.1,99.672,63.5,-7.46288
2026-05-20 12:50:50,35.1,99.666,63.2,1896.40467
2026-05-20 12:51:40,35.0,99.671,65.4,407.80459
2026-05-20 12:52:30,35.0,99.672,65.4,1574.87679
2026-05-20 12:53:20,35.0,99.67,65.6,-10.56195
2026-05-20 12:54:10,35.0,99.667,66.1,-5.58079
2026-05-20 12:55:00,35.1,99.67,64.9,1936.43931
2026-05-20 12:55:50,35.0,99.669,67.1,1407.93581
2026-05-20 12:56:40,35.0,99.665,65.4,-5.72827
2026-05-20 12:57:30,35.0,99.667,65.5,-3.7686
2026-05-20 12:58:20,35.0,99.672,65.0,-7.63347
2026-05-20 12:59:10,35.1,99.672,64.2,1659.18965
2026-05-20 13:00:00,35.0,99.664,64.1,1722.34156
2026-05-20 13:00:50,35.0,99.666,63.0,1753.66144
2026-05-20 13:01:40,35.1,99.667,64.9,1777.80531
2026-05-20 13:02:30,35.1,99.667,64.9,-3.92182
2026-05-20 13:03:20,35.0,99.674,64.8,-14.1484
2026-05-20 13:04:10,35.0,99.662,67.6,52.78679
2026-05-20 13:05:00,35.0,99.675,64.3,364.44589
2026-05-20 13:05:50,35.0,99.674,65.7,-8.28142
2026-05-20 13:06:40,35.1,99.666,65.0,-7.86647
2026-05-20 13:07:30,35.0,99.675,64.9,1813.52049
2026-05-20 13:08:20,35.0,99.672,64.9,1443.21338
2026-05-20 13:09:10,35.1,99.671,65.8,-12.03956
2026-05-20 13:10:00,35.0,99.673,66.7,-8.47582
2026-05-20 13:10:50,35.0,99.664,65.9,-5.94558
2026-05-20 13:11:40,35.0,99.673,63.5,1559.29563
2026-05-20 13:12:30,35.0,99.668,63.0,-2.99412
2026-05-20 13:13:20,35.1,99.669,65.8,1798.19182
2026-05-20 13:14:10,35.0,99.672,66.1,75.58079
2026-05-20 13:15:00,35.0,99.675,65.0,428.55631
2026-05-20 13:15:50,35.0,99.667,65.1,1647.66993
2026-05-20 13:16:40,35.0,99.669,67.2,-6.39837
2026-05-20 13:17:30,35.0,99.667,63.8,1386.4326
2026-05-20 13:18:20,35.1,99.66,64.7,1577.93335
2026-05-20 13:19:10,35.0,99.665,66.8,1738.7268
2026-05-20 13:20:00,35.1,99.673,66.1,-9.02099
2026-05-20 13:20:50,35.1,99.672,67.1,-6.81721
2026-05-20 13:21:40,35.0,99.662,64.5,1872.73928
2026-05-20 13:22:30,35.0,99.669,64.9,1695.79781
2026-05-20 13:23:20,35.0,99.676,66.9,1820.56213
2026-05-20 13:24:10,35.0,99.668,65.1,60.32268
2026-05-20 13:25:00,35.0,99.67,65.2,1678.78682
2026-05-20 13:25:50,35.0,99.667,65.4,1631.28938
2026-05-20 13:26:40,35.0,99.661,65.3,1811.92617
2026-05-20 13:27:30,35.0,99.67,65.2,-10.31882
2026-05-20 13:28:20,35.0,99.674,65.3,437.06127
2026-05-20 13:29:10,35.0,99.674,66.5,1450.96372
2026-05-20 13:30:00,35.0,99.67,64.3,-4.96952
2026-05-20 13:30:50,35.0,99.664,64.7,1707.73584
2026-05-20 13:31:40,35.0,99.665,66.8,1558.73581
2026-05-20 13:32:30,35.0,99.664,65.9,299.58089
2026-05-20 13:33:20,35.1,99.659,66.4,-11.06396
2026-05-20 13:34:10,35.0,99.666,66.7,305.48275
2026-05-20 13:35:00,35.0,99.67,65.1,1653.9904
2026-05-20 13:35:50,35.1,99.666,67.7,-12.7377
2026-05-20 13:36:40,35.0,99.668,65.8,1555.79987
2026-05-20 13:37:30,35.0,99.673,63.1,1920.66941
2026-05-20 13:38:20,35.1,99.669,67.2,-7.82395
2026-05-20 13:39:10,35.0,99.67,64.1,1705.812
2026-05-20 13:40:00,35.0,99.674,64.2,-2.52366
2026-05-20 13:40:50,35.1,99.669,66.0,1664.04073
2026-05-20 13:41:40,35.0,99.678,66.4,1880.10705
2026-05-20 13:42:30,35.1,99.664,66.4,1420.67972
2026-05-20 13:43:20,35.1,99.668,65.1,1812.1276
2026-05-20 13:44:10,35.0,99.674,62.9,-14.14987
2026-05-20 13:45:00,35.0,99.678,66.0,1668.06264
2026-05-20 13:45:50,35.0,99.67,66.2,-13.82209
2026-05-20 13:46:40,35.1,99.672,66.4,-10.56831
2026-05-20 13:47:30,35.1,99.664,65.9,-2.93124
2026-05-20 13:48:20,35.0,99.669,63.6,1709.72021
2026-05-20 13:49:10,35.0,99.671,64.1,1527.42732
2026-05-20 13:50:00,35.0,99.673,66.2,221.66557
2026-05-20 13:50:50,35.0,99.663,65.8,-8.80096
2026-05-20 13:51:40,35.0,99.663,64.7,1812.25136
2026-05-20 13:52:30,35.0,99.663,66.9,-7.83948
2026-05-20 13:53:20,35.0,99.674,63.7,187.37473
2026-05-20 13:54:10,35.1,99.666,65.0,437.253
2026-05-20 13:55:00,35.1,99.668,64.8,-14.2846
2026-05-20 13:55:50,35.0,99.669,66.3,1379.29529
2026-05-20 13:56:40,35.0,99.666,65.2,1722.7173
2026-05-20 13:57:30,35.1,99.663,63.9,-9.90061
2026-05-20 13:58:20,35.0,99.66,64.7,1644.18272
2026-05-20 13:59:10,35.0,99.667,63.7,-3.07089
2026-05-20 14:00:00,35.0,99.663,64.4,198.59148
2026-05-20 14:00:50,35.0,99.67,63.4,1483.99909
2026-05-20 14:01:40,35.0,99.671,65.3,1462.86209
2026-05-20 14:02:30,35.1,99.667,65.1,-2.90547
2026-05-20 14:03:20,35.0,99.667,65.5,1552.27655
2026-05-20 14:04:10,35.1,99.673,64.0,1898.66047
2026-05-20 14:05:00,35.0,99.683,64.0,1608.95254
2026-05-20 14:05:50,35.0,99.668,65.8,1481.90842
2026-05-20 14:06:40,35.0,99.669,66.9,1431.16802
2026-05-20 14:07:30,35.0,99.674,63.3,-10.30671
2026-05-20 14:08:20,35.0,99.659,67.3,1927.55191
2026-05-20 14:09:10,35.0,99.666,64.2,1473.96868
2026-05-20 14:10:00,35.0,99.657,67.1,-13.53374
2026-05-20 14:10:50,35.1,99.668,65.8,1825.05705
2026-05-20 14:11:40,35.0,99.677,65.2,251.97162
2026-05-20 14:12:30,35.0,99.661,63.1,135.53873
2026-05-20 14:13:20,35.0,99.667,66.2,1603.80513
2026-05-20 14:14:10,35.0,99.656,65.6,-7.62571
2026-05-20 14:15:00,35.0,99.679,64.0,1735.86834
2026-05-20 14:15:50,35.0,99.672,64.8,-13.32975
2026-05-20 14:16:40,35.0,99.665,65.2,1495.12971
2026-05-20 14:17:30,35.0,99.668,64.8,1409.93575
2026-05-20 14:18:20,35.1,99.663,66.5,-10.49891
2026-05-20 14:19:10,35.1,99.666,64.3,1494.12796
2026-05-20 14:20:00,35.0,99.671,65.7,1587.27197
2026-05-20 14:20:50,35.0,99.662,63.7,-5.25238
2026-05-20 14:21:40,35.1,99.674,65.4,413.3888
2026-05-20 14:22:30,35.0,99.664,65.3,285.14783
2026-05-20 14:23:20,35.0,99.662,65.7,-8.09846
2026-05-20 14:24:10,35.1,99.67,66.7,-14.49278
2026-05-20 14:25:00,35.1,99.665,65.6,-9.15815
2026-05-20 14:25:50,35.0,99.674,64.2,70.00648
2026-05-20 14:26:40,35.0,99.669,66.3,1745.23301
2026-05-20 14:27:30,35.0,99.672,63.3,-6.69682
2026-05-20 14:28:20,35.0,99.668,65.1,1581.79877
2026-05-20 14:29:10,35.0,99.668,65.1,124.30947
2026-05-20 14:30:00,35.1,99.665,67.4,1431.32746
2026-05-20 14:30:50,35.1,99.671,65.2,-9.09935
2026-05-20 14:31:40,35.1,99.666,67.0,1773.95009
2026-05-20 14:32:30,35.1,99.669,64.5,1813.32285
2026-05-20 14:33:20,35.0,99.667,64.6,1672.95496
2026-05-20 14:34:10,35.0,99.673,67.2,1784.02805
2026-05-20 14:35:00,35.0,99.666,62.5,1903.26727
2026-05-20 14:35:50,35.0,99.667,64.8,407.18467
2026-05-20 14:36:40,35.0,99.672,66.1,-12.25578
2026-05-20 14:37:30,35.0,99.675,65.3,-12.77927
2026-05-20 14:38:20,35.0,99.663,66.3,367.97727
2026-05-20 14:39:10,35.1,99.672,66.7,-2.7357
2026-05-20 14:40:00,35.0,99.671,64.3,1604.45213
2026-05-20 14:40:50,35.0,99.673,65.3,1839.30079
2026-05-20 14:41:40,35.0,99.668,64.4,1558.86642
2026-05-20 14:42:30,35.0,99.665,65.5,1673.2665
2026-05-20 14:43:20,35.0,99.666,64.3,-5.88472
2026-05-20 14:44:10,35.0,99.665,63.4,1468.05225
2026-05-20 14:45:00,35.0,99.666,65.3,-10.49679
2026-05-20 14:45:50,35.0,99.678,63.8,1834.64021
2026-05-20 14:46:40,35.0,99.663,63.4,1401.90736
2026-05-20 14:47:30,35.0,99.671,65.7,-13.84055
2026-05-20 14:48:20,35.0,99.67,65.5,-4.52492
2026-05-20 14:49:10,35.0,99.665,65.6,-4.68913
2026-05-20 14:50:00,35.1,99.667,64.0,-9.48911
2026-05-20 14:50:50,34.9,99.66,65.7,-6.2378
2026-05-20 14:51:40,35.0,99.674,67.1,84.29549
2026-05-20 14:52:30,35.0,99.667,64.2,-10.63479
2026-05-20 14:53:20,35.1,99.671,62.2,1404.62254
2026-05-20 14:54:10,35.0,99.672,66.6,1506.1411
2026-05-20 14:55:00,35.0,99.67,65.9,1364.20345
2026-05-20 14:55:50,34.9,99.671,63.5,1796.72075
2026-05-20 14:56:40,35.0,99.674,65.9,399.17979
2026-05-20 14:57:30,35.1,99.674,66.6,35.03642
2026-05-20 14:58:20,35.0,99.664,65.6,1474.92202
2026-05-20 14:59:10,35.0,99.66,66.4,-3.15067
2026-05-20 15:00:00,35.1,99.674,66.1,232.90485
2026-05-20 15:00:50,35.0,99.668,64.5,-11.7358
2026-05-20 15:01:40,35.0,99.678,66.4,-6.60828
2026-05-20 15:02:30,35.1,99.67,65.7,-5.06065
2026-05-20 15:03:20,35.0,99.667,65.2,-9.26715
2026-05-20 15:04:10,35.0,99.667,64.3,1780.25673
2026-05-20 15:05:00,35.1,99.662,63.7,1377.93004
2026-05-20 15:05:50,35.1,99.667,67.4,-7.21743
2026-05-20 15:06:40,35.0,99.657,64.6,-3.13436
2026-05-20 15:07:30,35.1,99.671,65.4,-4.9389
2026-05-20 15:08:20,35.1,99.671,65.3,-5.63187
2026-05-20 15:09:10,35.0,99.67,64.6,1641.23911
2026-05-20 15:10:00,35.0,99.671,65.6,-12.03824
2026-05-20 15:10:50,35.0,99.673,64.2,103.16438
2026-05-20 15:11:40,35.0,99.669,64.1,1476.76397
2026-05-20 15:12:30,35.0,99.666,63.7,-12.37709
2026-05-20 15:13:20,35.1,99.667,64.3,-6.12504
2026-05-20 15:14:10,35.1,99.66,65.5,1900.93895
2026-05-20 15:15:00,35.1,99.665,63.1,1609.94387
2026-05-20 15:15:50,35.0,99.667,66.3,208.17079
2026-05-20 15:16:40,35.0,99.672,64.2,1829.71147
2026-05-20 15:17:30,35.1,99.675,65.7,1535.32984
2026-05-20 15:18:20,35.1,99.663,64.9,-14.06406
2026-05-20 15:19:10,35.0,99.671,66.5,-10.50297
2026-05-20 15:20:00,35.0,99.67,63.5,-8.05897
2026-05-20 15:20:50,35.0,99.668,64.3,-11.57964
2026-05-20 15:21:40,35.0,99.666,65.3,-12.26904
2026-05-20 15:22:30,34.9,99.672,62.7,-11.64435
2026-05-20 15:23:20,35.1,99.67,64.0,283.19945
2026-05-20 15:24:10,35.0,99.678,63.5,-2.74985
2026-05-20 15:25:00,35.0,99.674,66.0,209.54179
2026-05-20 15:25:50,35.0,99.668,65.3,1647.46991
2026-05-20 15:26:40,35.0,99.661,67.5,-10.34035
2026-05-20 15:27:30,35.0,99.669,63.8,1732.24296
2026-05-20 15:28:20,35.0,99.674,64.6,1824.90337
2026-05-20 15:29:10,35.0,99.676,64.8,1432.06055
2026-05-20 15:30:00,35.0,99.668,65.1,-6.52564
2026-05-20 15:30:50,35.0,99.672,65.6,-10.22918
2026-05-20 15:31:40,35.1,99.662,64.2,-4.95903
2026-05-20 15:32:30,35.0,99.671,64.3,-7.47131
2026-05-20 15:33:20,35.0,99.671,64.7,56.17914
2026-05-20 15:34:10,35.1,99.667,65.3,1572.94393
2026-05-20 15:35:00,35.1,99.675,64.0,-9.02802
2026-05-20 15:35:50,35.0,99.668,65.9,1727.8945
2026-05-20 15:36:40,35.0,99.665,67.8,-13.09728
2026-05-20 15:37:30,35.0,99.668,64.7,1883.41366
2026-05-20 15:38:20,35.0,99.67,66.6,-13.72763
2026-05-20 15:39:10,35.0,99.668,66.4,-5.36901
2026-05-20 15:40:00,35.0,99.671,65.4,-9.58051
2026-05-20 15:40:50,35.1,99.667,65.6,-14.58015
2026-05-20 15:41:40,35.1,99.67,66.9,-10.21291
2026-05-20 15:42:30,35.0,99.664,65.1,-11.58732
2026-05-20 15:43:20,35.0,99.669,66.0,1353.38406
2026-05-20 15:44:10,35.0,99.663,64.7,-11.34905
2026-05-20 15:45:00,35.1,99.664,62.6,1797.66842
2026-05-20 15:45:50,35.0,99.67,64.1,1886.57817
2026-05-20 15:46:40,35.0,99.672,64.3,1562.26488
2026-05-20 15:47:30,35.0,99.677,66.1,1868.08374
2026-05-20 15:48:20,35.0,99.669,64.7,-3.85456
2026-05-20 15:49:10,35.0,99.678,64.3,1554.58999
2026-05-20 15:50:00,35.0,99.67,65.0,-3.62596
2026-05-20 15:50:50,34.9,99.664,65.0,-5.08699
2026-05-20 15:51:40,35.1,99.667,64.5,1408.66735
2026-05-20 15:52:30,35.0,99.674,66.4,-13.8904
2026-05-20 15:53:20,35.0,99.668,65.3,-14.62979
2026-05-20 15:54:10,35.0,99.661,66.7,395.08788
2026-05-20 15:55:00,35.0,99.674,65.0,-7.20616
2026-05-20 15:55:50,35.0,99.667,63.2,-2.59824
2026-05-20 15:56:40,34.9,99.673,64.8,-11.43036
2026-05-20 15:57:30,35.0,99.667,65.2,-7.75088
2026-05-20 15:58:20,35.1,99.668,62.0,1792.86488
2026-05-20 15:59:10,35.0,99.673,66.3,1388.15514
2026-05-20 16:00:00,35.0,99.668,64.0,1446.05119
2026-05-20 16:00:50,35.0,99.666,65.7,1646.17444
2026-05-20 16:01:40,35.1,99.658,64.9,-14.36611
2026-05-20 16:02:30,35.0,99.66,65.0,1602.8538
2026-05-20 16:03:20,35.0,99.671,64.1,-3.09949
2026-05-20 16:04:10,35.0,99.674,65.3,434.27822
2026-05-20 16:05:00,35.1,99.675,64.0,163.97728
2026-05-20 16:05:50,35.0,99.667,66.5,1777.33225
2026-05-20 16:06:40,35.0,99.669,65.1,-6.44055
2026-05-20 16:07:30,34.9,99.666,63.7,1497.76994
2026-05-20 16:08:20,35.1,99.667,64.8,1668.69535
2026-05-20 16:09:10,35.0,99.675,66.0,1357.13286
2026-05-20 16:10:00,35.0,99.664,66.3,-3.2664
2026-05-20 16:10:50,35.0,99.663,64.6,146.9659
2026-05-20 16:11:40,35.0,99.674,64.2,1760.12317
2026-05-20 16:12:30,35.0,99.666,64.3,1464.49489
2026-05-20 16:13:20,35.0,99.671,66.9,-7.25023
2026-05-20 16:14:10,35.1,99.672,65.2,1606.34657
2026-05-20 16:15:00,35.0,99.66,62.3,293.34378
2026-05-20 16:15:50,35.0,99.682,66.5,1818.14071
2026-05-20 16:16:40,35.1,99.661,66.5,-4.36508
2026-05-20 16:17:30,35.1,99.664,64.1,-11.0085
2026-05-20 16:18:20,34.9,99.666,65.6,1756.52176
2026-05-20 16:19:10,35.1,99.669,65.2,310.14504
2026-05-20 16:20:00,35.0,99.669,64.8,-4.71015
2026-05-20 16:20:50,35.0,99.67,64.8,1915.0967
2026-05-20 16:21:40,35.0,99.667,63.8,1575.75509
2026-05-20 16:22:30,35.1,99.674,65.1,1870.71559
2026-05-20 16:23:20,35.0,99.682,66.7,1495.53841
2026-05-20 16:24:10,35.1,99.664,64.4,1611.86979
2026-05-20 16:25:00,35.1,99.667,66.4,1765.90179
2026-05-20 16:25:50,35.1,99.671,66.3,440.82948
2026-05-20 16:26:40,35.0,99.675,65.4,1856.7867
2026-05-20 16:27:30,34.9,99.674,66.6,1546.54717
2026-05-20 16:28:20,35.0,99.676,65.0,1812.28614
2026-05-20 16:29:10,35.0,99.66,64.6,-12.03611
2026-05-20 16:30:00,35.0,99.675,66.1,-5.32939
2026-05-20 16:30:50,35.0,99.675,65.0,-6.05308
2026-05-20 16:31:40,35.1,99.669,64.6,-10.60849
2026-05-20 16:32:30,35.0,99.673,65.2,1929.53004
2026-05-20 16:33:20,35.1,99.66,64.9,1837.73103
2026-05-20 16:34:10,35.0,99.671,65.4,-14.54036
2026-05-20 16:35:00,35.0,99.673,65.9,-12.26565
2026-05-20 16:35:50,35.0,99.663,65.5,1577.90429
2026-05-20 16:36:40,35.0,99.668,67.1,1455.43438
2026-05-20 16:37:30,35.0,99.669,67.7,247.22339
2026-05-20 16:38:20,35.1,99.66,65.2,-6.68543
2026-05-20 16:39:10,35.0,99.663,65.6,1445.26293
2026-05-20 16:40:00,35.0,99.674,64.9,1724.56552
2026-05-20 16:40:50,35.1,99.657,64.0,1495.45437
2026-05-20 16:41:40,35.1,99.665,62.8,-6.34401
2026-05-20 16:42:30,34.9,99.67,65.8,1566.51644
2026-05-20 16:43:20,35.0,99.665,67.2,-12.85112
2026-05-20 16:44:10,35.0,99.667,64.6,-11.68856
2026-05-20 16:45:00,35.0,99.667,65.4,395.29305
2026-05-20 16:45:50,35.0,99.675,66.2,-9.57175
2026-05-20 16:46:40,35.0,99.665,65.9,-5.7914
2026-05-20 16:47:30,35.0,99.669,65.9,1740.93368
2026-05-20 16:48:20,35.1,99.666,66.5,1596.52854
2026-05-20 16:49:10,35.0,99.673,64.9,1932.62699
2026-05-20 16:50:00,35.0,99.669,66.0,1376.99244
2026-05-20 16:50:50,35.0,99.665,64.5,-3.18683
2026-05-20 16:51:40,35.0,99.667,64.9,-3.36052
2026-05-20 16:52:30,35.0,99.673,65.9,-4.25936
2026-05-20 16:53:20,35.0,99.667,64.8,-13.19072
2026-05-20 16:54:10,35.0,99.665,64.9,349.73678
2026-05-20 16:55:00,35.0,99.669,65.1,-14.42327
2026-05-20 16:55:50,35.0,99.67,63.7,1704.20526
2026-05-20 16:56:40,35.1,99.674,65.2,1594.0428
2026-05-20 16:57:30,35.1,99.673,65.6,-4.04604
2026-05-20 16:58:20,35.0,99.676,67.2,1421.26639
2026-05-20 16:59:10,35.0,99.661,63.9,-10.61983
2026-05-20 17:00:00,35.1,99.673,62.9,1389.42242
2026-05-20 17:00:50,35.1,99.67,64.2,1754.21021
2026-05-20 17:01:40,35.0,99.67,66.6,1677.49629
2026-05-20 17:02:30,35.1,99.673,64.4,-10.49882
2026-05-20 17:03:20,35.0,99.67,66.5,126.66735
2026-05-20 17:04:10,35.0,99.661,64.3,1883.08321
2026-05-20 17:05:00,35.1,99.665,65.7,1352.6712
2026-05-20 17:05:50,35.1,99.674,66.1,186.65847
2026-05-20 17:06:40,34.9,99.673,64.7,1441.94078
2026-05-20 17:07:30,35.0,99.671,64.7,1379.59072
2026-05-20 17:08:20,35.0,99.676,64.2,-8.41982
2026-05-20 17:09:10,35.0,99.667,65.2,-11.7581
2026-05-20 17:10:00,35.0,99.661,66.3,-4.4549
2026-05-20 17:10:50,35.0,99.669,64.3,1375.33874
2026-05-20 17:11:40,35.0,99.663,64.0,-14.4353
2026-05-20 17:12:30,35.0,99.664,66.2,1873.00598
2026-05-20 17:13:20,35.1,99.672,64.6,-9.10358
2026-05-20 17:14:10,35.0,99.678,66.5,1573.34026
2026-05-20 17:15:00,34.9,99.662,64.5,427.39055
2026-05-20 17:15:50,35.1,99.672,66.8,1523.54676
2026-05-20 17:16:40,35.0,99.675,64.8,-4.69344
2026-05-20 17:17:30,35.0,99.668,66.0,1907.76278
2026-05-20 17:18:20,35.0,99.667,65.5,1626.67072
2026-05-20 17:19:10,35.1,99.666,65.9,1397.85328
2026-05-20 17:20:00,35.1,99.669,63.4,-9.75809
2026-05-20 17:20:50,35.0,99.675,65.0,1883.01782
2026-05-20 17:21:40,35.0,99.669,66.0,1588.00194
2026-05-20 17:22:30,35.0,99.668,65.7,-5.75127
2026-05-20 17:23:20,35.0,99.672,65.3,-13.60496
2026-05-20 17:24:10,35.0,99.667,65.0,1544.59269
2026-05-20 17:25:00,35.1,99.671,64.2,1372.55413
2026-05-20 17:25:50,35.1,99.669,65.6,1787.57943
2026-05-20 17:26:40,35.1,99.668,64.9,437.47016
2026-05-20 17:27:30,35.1,99.669,66.1,1529.32678
2026-05-20 17:28:20,35.1,99.657,66.1,-3.49987
2026-05-20 17:29:10,35.0,99.668,66.0,-13.41772
2026-05-20 17:30:00,35.1,99.675,66.6,408.24053
2026-05-20 17:30:50,34.9,99.666,65.8,161.31815
2026-05-20 17:31:40,35.0,99.671,65.8,1927.15508
2026-05-20 17:32:30,34.9,99.665,65.0,138.03125
2026-05-20 17:33:20,35.0,99.669,65.2,1577.48913
2026-05-20 17:34:10,35.1,99.673,64.2,99.38165
2026-05-20 17:35:00,35.0,99.668,65.3,1580.7487
2026-05-20 17:35:50,35.0,99.668,64.1,1568.92929
2026-05-20 17:36:40,35.1,99.666,63.8,1824.75326
2026-05-20 17:37:30,35.1,99.67,64.6,1584.79872
2026-05-20 17:38:20,35.0,99.664,64.9,-8.94629
2026-05-20 17:39:10,35.0,99.675,66.0,272.9125
2026-05-20 17:40:00,35.0,99.665,64.4,-6.72918
2026-05-20 17:40:50,35.0,99.668,64.6,1810.86251
2026-05-20 17:41:40,35.1,99.668,64.7,1371.30254
2026-05-20 17:42:30,35.1,99.671,63.8,1624.3052
2026-05-20 17:43:20,35.1,99.66,65.1,1565.19075
2026-05-20 17:44:10,35.1,99.669,65.8,-4.42484
2026-05-20 17:45:00,35.0,99.671,63.8,-6.06477
2026-05-20 17:45:50,35.0,99.678,63.8,-9.22921
2026-05-20 17:46:40,35.0,99.664,67.0,-6.64639
2026-05-20 17:47:30,35.0,99.676,66.3,1515.16087
2026-05-20 17:48:20,35.1,99.669,64.9,1758.18878
2026-05-20 17:49:10,35.0,99.665,64.5,-13.95984
2026-05-20 17:50:00,35.0,99.661,64.7,-7.09581
2026-05-20 17:50:50,35.0,99.67,64.5,-9.84625
2026-05-20 17:51:40,35.0,99.667,64.1,-9.3685
2026-05-20 17:52:30,35.1,99.667,65.1,1791.49183
2026-05-20 17:53:20,35.0,99.667,65.7,-5.42318
2026-05-20 17:54:10,35.0,99.677,64.6,1472.72294
2026-05-20 17:55:00,35.0,99.668,63.3,1619.73493
2026-05-20 17:55:50,35.0,99.672,67.0,-4.38957
2026-05-20 17:56:40,35.1,99.672,66.4,-7.61328
2026-05-20 17:57:30,35.0,99.665,64.8,1852.31603
2026-05-20 17:58:20,35.1,99.683,64.6,-8.11812
2026-05-20 17:59:10,35.0,99.667,65.8,136.78633
2026-05-20 18:00:00,35.0,99.658,65.9,-3.29837
2026-05-20 18:00:50,35.1,99.666,65.2,1450.33159
2026-05-20 18:01:40,35.0,99.655,65.3,-13.51671
2026-05-20 18:02:30,35.1,99.665,66.0,-6.33076
2026-05-20 18:03:20,35.0,99.671,66.1,-9.89347
2026-05-20 18:04:10,35.0,99.665,67.0,1782.40897
2026-05-20 18:05:00,35.1,99.669,65.1,-2.80422
2026-05-20 18:05:50,35.0,99.673,65.8,-11.9373
2026-05-20 18:06:40,35.1,99.669,65.3,103.90595
2026-05-20 18:07:30,35.0,99.666,65.3,-8.49509
2026-05-20 18:08:20,35.0,99.665,65.0,-14.00239
2026-05-20 18:09:10,35.0,99.675,65.5,1681.13141
2026-05-20 18:10:00,35.0,99.673,65.2,-7.01747
2026-05-20 18:10:50,35.0,99.667,66.5,-10.7781
2026-05-20 18:11:40,35.0,99.663,62.6,1467.52376
2026-05-20 18:12:30,35.0,99.678,65.1,-14.3827
2026-05-20 18:13:20,35.0,99.671,65.6,1704.0365
2026-05-20 18:14:10,35.1,99.663,65.0,1558.0732
2026-05-20 18:15:00,35.0,99.667,64.9,1828.74252
2026-05-20 18:15:50,34.9,99.664,65.8,1429.86725
2026-05-20 18:16:40,35.0,99.673,64.3,-11.28793
2026-05-20 18:17:30,35.0,99.674,66.3,1656.03323
2026-05-20 18:18:20,35.1,99.665,63.9,1403.165
2026-05-20 18:19:10,35.0,99.665,65.5,-10.67837
2026-05-20 18:20:00,35.0,99.671,67.0,-8.05726
2026-05-20 18:20:50,35.0,99.672,66.0,1357.12716
2026-05-20 18:21:40,35.1,99.675,64.4,1351.11987
2026-05-20 18:22:30,35.0,99.664,64.8,1788.44539
2026-05-20 18:23:20,35.0,99.666,67.2,-8.50707
2026-05-20 18:24:10,35.0,99.662,64.7,-8.34591
2026-05-20 18:25:00,35.0,99.669,64.4,1709.54858
2026-05-20 18:25:50,35.1,99.671,65.5,-14.27541
2026-05-20 18:26:40,35.0,99.664,65.3,-9.44902
2026-05-20 18:27:30,35.1,99.67,65.9,1414.69241
2026-05-20 18:28:20,35.0,99.661,66.3,1835.50098
2026-05-20 18:29:10,35.1,99.669,66.3,-12.02561
2026-05-20 18:30:00,35.0,99.671,65.8,-12.64945
2026-05-20 18:30:50,35.0,99.657,65.2,-4.75101
2026-05-20 18:31:40,35.0,99.669,65.6,1907.20758
2026-05-20 18:32:30,35.0,99.668,63.7,1501.84688
2026-05-20 18:33:20,35.1,99.664,67.5,1369.16386
2026-05-20 18:34:10,35.1,99.682,66.2,-11.1372
2026-05-20 18:35:00,35.0,99.665,65.0,1439.90433
2026-05-20 18:35:50,35.1,99.665,64.2,-7.94874
2026-05-20 18:36:40,35.0,99.666,64.3,-14.03406
2026-05-20 18:37:30,35.0,99.669,64.8,-11.12505
2026-05-20 18:38:20,35.0,99.661,65.0,1454.3265
2026-05-20 18:39:10,35.0,99.674,65.9,1611.69081
2026-05-20 18:40:00,35.0,99.672,65.4,-11.45101
2026-05-20 18:40:50,35.1,99.67,66.9,1889.41718
2026-05-20 18:41:40,35.1,99.67,65.5,-5.5197
2026-05-20 18:42:30,35.0,99.666,66.5,1644.29327
2026-05-20 18:43:20,35.0,99.676,65.9,1708.9666
2026-05-20 18:44:10,35.0,99.67,66.7,1579.17831
2026-05-20 18:45:00,35.1,99.665,64.9,1520.96442
2026-05-20 18:45:50,35.1,99.669,64.7,1778.10772
2026-05-20 18:46:40,35.0,99.681,65.5,1657.39672
2026-05-20 18:47:30,35.0,99.675,63.6,-10.17921
2026-05-20 18:48:20,35.0,99.666,63.7,-7.1643
2026-05-20 18:49:10,35.1,99.658,65.2,295.59287
2026-05-20 18:50:00,35.0,99.655,63.2,1741.8154
2026-05-20 18:50:50,35.0,99.671,65.3,1678.43986
2026-05-20 18:51:40,35.0,99.668,66.8,1801.72885
2026-05-20 18:52:30,35.0,99.674,66.6,182.13515
2026-05-20 18:53:20,35.1,99.665,65.4,-14.1596
2026-05-20 18:54:10,35.0,99.665,64.3,-7.05416
2026-05-20 18:55:00,35.1,99.671,62.6,1466.68374
2026-05-20 18:55:50,35.0,99.67,64.9,245.25627
2026-05-20 18:56:40,35.0,99.673,67.4,-8.80017
2026-05-20 18:57:30,35.0,99.663,64.4,-6.8752
2026-05-20 18:58:20,35.0,99.672,67.4,1873.75531
2026-05-20 18:59:10,35.0,99.668,64.3,1354.7268
2026-05-20 19:00:00,35.0,99.661,65.7,1525.38238
2026-05-20 19:00:50,35.0,99.66,66.1,-11.69159
2026-05-20 19:01:40,35.1,99.67,64.1,1791.91651
2026-05-20 19:02:30,35.0,99.666,64.6,-11.03383
2026-05-20 19:03:20,35.0,99.665,64.6,1429.01494
2026-05-20 19:04:10,35.0,99.665,65.8,133.88727
2026-05-20 19:05:00,35.0,99.671,64.6,-13.08217
2026-05-20 19:05:50,35.0,99.67,65.9,-2.79108
2026-05-20 19:06:40,35.0,99.662,65.4,1582.14233
2026-05-20 19:07:30,35.1,99.674,65.0,1623.66166
2026-05-20 19:08:20,35.0,99.667,62.2,1457.30092
2026-05-20 19:09:10,35.0,99.669,67.2,1446.35021
2026-05-20 19:10:00,35.0,99.663,63.9,-9.31584
2026-05-20 19:10:50,35.1,99.683,64.6,1407.80683
2026-05-20 19:11:40,35.0,99.67,67.0,1437.07795
2026-05-20 19:12:30,35.0,99.67,66.2,1421.34739
2026-05-20 19:13:20,35.0,99.666,64.8,1936.80123
2026-05-20 19:14:10,35.0,99.67,65.3,1851.81216
2026-05-20 19:15:00,35.0,99.661,66.7,1377.81847
2026-05-20 19:15:50,35.0,99.672,64.7,1564.17718
2026-05-20 19:16:40,35.1,99.671,66.1,51.85336
2026-05-20 19:17:30,35.0,99.664,64.7,1802.47023
2026-05-20 19:18:20,35.1,99.673,67.1,1502.26536
2026-05-20 19:19:10,35.0,99.668,65.8,1607.46618
2026-05-20 19:20:00,35.1,99.666,66.3,1547.5192
2026-05-20 19:20:50,35.1,99.674,66.2,-8.35077
2026-05-20 19:21:40,35.0,99.668,65.6,313.83354
2026-05-20 19:22:30,35.0,99.664,65.7,1839.53758
2026-05-20 19:23:20,35.1,99.665,64.2,1549.36157
2026-05-20 19:24:10,35.0,99.662,63.9,1843.63635
2026-05-20 19:25:00,35.0,99.677,64.8,1388.76794
2026-05-20 19:25:50,35.0,99.668,64.4,1392.95436
2026-05-20 19:26:40,35.0,99.672,65.9,1533.2497
2026-05-20 19:27:30,35.0,99.667,65.6,1353.92645
2026-05-20 19:28:20,35.0,99.666,66.2,1836.29584
2026-05-20 19:29:10,35.1,99.675,66.0,-10.71184
2026-05-20 19:30:00,35.1,99.662,64.7,1472.55892
2026-05-20 19:30:50,35.1,99.662,65.3,1742.6419
2026-05-20 19:31:40,35.1,99.664,65.4,1441.60252
2026-05-20 19:32:30,35.0,99.662,65.2,1769.81519
2026-05-20 19:33:20,35.0,99.668,68.0,379.21843
2026-05-20 19:34:10,35.1,99.673,66.1,-9.63754
2026-05-20 19:35:00,35.0,99.678,64.0,-9.41069
2026-05-20 19:35:50,35.0,99.674,66.0,-6.26304
2026-05-20 19:36:40,35.0,99.674,65.7,-3.4179
2026-05-20 19:37:30,35.0,99.672,65.7,1426.03761
2026-05-20 19:38:20,35.1,99.668,66.1,1751.65606
2026-05-20 19:39:10,35.0,99.668,66.5,-10.1038
2026-05-20 19:40:00,35.0,99.665,63.0,-4.59534
2026-05-20 19:40:50,35.0,99.665,66.1,-14.15748
2026-05-20 19:41:40,35.0,99.666,64.3,-9.73684
2026-05-20 19:42:30,35.0,99.67,66.0,-2.85076
2026-05-20 19:43:20,35.0,99.67,65.4,-12.127
2026-05-20 19:44:10,35.0,99.664,64.9,1529.13557
2026-05-20 19:45:00,34.9,99.665,66.7,1832.15634
2026-05-20 19:45:50,35.0,99.661,64.8,1777.19838
2026-05-20 19:46:40,35.1,99.678,66.4,-10.66393
2026-05-20 19:47:30,35.0,99.667,67.2,-6.58893
2026-05-20 19:48:20,35.0,99.661,66.1,-7.38939
2026-05-20 19:49:10,35.0,99.671,65.4,-12.56121
2026-05-20 19:50:00,35.1,99.669,64.7,-10.98462
2026-05-20 19:50:50,35.0,99.674,66.0,1896.33249
2026-05-20 19:51:40,35.0,99.67,66.3,320.13324
2026-05-20 19:52:30,35.0,99.666,63.8,-6.24489
2026-05-20 19:53:20,35.0,99.668,65.6,-12.12706
2026-05-20 19:54:10,35.0,99.663,64.9,1378.58209
2026-05-20 19:55:00,35.1,99.667,64.4,-5.67546
2026-05-20 19:55:50,35.0,99.662,65.1,-8.55239
2026-05-20 19:56:40,35.0,99.667,64.3,-3.14775
2026-05-20 19:57:30,35.0,99.667,65.0,1911.20988
2026-05-20 19:58:20,35.1,99.671,62.9,1357.10635
2026-05-20 19:59:10,35.0,99.662,65.3,1690.9668
2026-05-20 20:00:00,35.0,99.676,63.3,-14.62262
2026-05-20 20:00:50,35.0,99.67,64.4,-12.51901
2026-05-20 20:01:40,35.1,99.668,66.8,-5.05898
2026-05-20 20:02:30,35.0,99.67,66.0,-4.71537
2026-05-20 20:03:20,35.0,99.671,64.0,-9.61969
2026-05-20 20:04:10,35.0,99.672,65.0,1702.50675
2026-05-20 20:05:00,35.1,99.683,65.1,1604.01679
2026-05-20 20:05:50,35.0,99.658,66.2,1462.45391
2026-05-20 20:06:40,35.0,99.679,67.2,-9.84472
2026-05-20 20:07:30,35.0,99.67,65.7,302.30253
2026-05-20 20:08:20,35.0,99.67,63.3,-12.19914
2026-05-20 20:09:10,35.0,99.669,65.0,1452.01615
2026-05-20 20:10:00,35.0,99.666,66.1,1909.95435
2026-05-20 20:10:50,35.0,99.674,66.3,1368.80554
2026-05-20 20:11:40,35.1,99.665,63.5,-10.31614
2026-05-20 20:12:30,35.1,99.672,64.7,-13.10183
2026-05-20 20:13:20,35.0,99.672,67.0,212.02742
2026-05-20 20:14:10,35.1,99.665,66.0,1832.78577
2026-05-20 20:15:00,35.0,99.663,65.8,1816.72867
2026-05-20 20:15:50,35.1,99.669,62.8,1654.21542
2026-05-20 20:16:40,35.0,99.662,65.5,-13.6717
2026-05-20 20:17:30,35.1,99.686,65.0,1633.32258
2026-05-20 20:18:20,35.0,99.665,63.4,-4.74697
2026-05-20 20:19:10,35.0,99.676,65.9,1465.71598
2026-05-20 20:20:00,35.1,99.665,65.2,1867.79007
2026-05-20 20:20:50,35.1,99.668,66.0,1618.76959
2026-05-20 20:21:40,35.0,99.672,66.4,-12.704
2026-05-20 20:22:30,35.0,99.673,65.2,-13.22529
2026-05-20 20:23:20,35.0,99.668,65.5,1599.17307
2026-05-20 20:24:10,35.0,99.667,64.1,1487.6871
2026-05-20 20:25:00,35.1,99.666,67.1,-8.62024
2026-05-20 20:25:50,35.0,99.662,62.9,1369.33119
2026-05-20 20:26:40,35.0,99.662,66.5,-4.09432
2026-05-20 20:27:30,35.1,99.668,65.5,-3.06412
2026-05-20 20:28:20,35.0,99.663,67.2,1551.30751
2026-05-20 20:29:10,35.0,99.657,64.7,-6.45606
2026-05-20 20:30:00,35.0,99.673,65.0,1362.02434
2026-05-20 20:30:50,35.0,99.668,65.9,-6.98058
2026-05-20 20:31:40,35.0,99.663,66.5,-4.88597
2026-05-20 20:32:30,35.0,99.673,65.3,-14.55091
2026-05-20 20:33:20,35.0,99.662,66.8,-7.07625
2026-05-20 20:34:10,35.0,99.674,65.0,1552.88839
2026-05-20 20:35:00,35.0,99.67,64.9,-7.52956
2026-05-20 20:35:50,35.0,99.662,67.0,-13.48418
2026-05-20 20:36:40,35.0,99.673,65.1,30.24313
2026-05-20 20:37:30,35.0,99.661,64.9,1890.2151
2026-05-20 20:38:20,35.1,99.669,65.1,1474.29592
2026-05-20 20:39:10,35.0,99.669,65.7,1371.44637
2026-05-20 20:40:00,35.0,99.679,65.7,186.00296
2026-05-20 20:40:50,35.1,99.658,65.5,1896.88861
2026-05-20 20:41:40,35.0,99.671,65.1,129.66749
2026-05-20 20:42:30,35.0,99.668,64.6,1812.05841
2026-05-20 20:43:20,35.1,99.668,67.8,-2.55429
2026-05-20 20:44:10,34.9,99.672,63.3,193.7329
2026-05-20 20:45:00,35.1,99.675,64.7,1482.551
2026-05-20 20:45:50,35.0,99.666,65.2,1566.88912
2026-05-20 20:46:40,35.0,99.665,65.6,379.28401
2026-05-20 20:47:30,35.0,99.667,65.6,1398.09059
2026-05-20 20:48:20,35.0,99.666,65.8,1809.79337
2026-05-20 20:49:10,35.0,99.66,66.0,1452.95396
2026-05-20 20:50:00,35.1,99.671,66.3,1459.14347
2026-05-20 20:50:50,35.0,99.667,63.3,1520.53584
2026-05-20 20:51:40,35.0,99.663,65.6,-13.74547
2026-05-20 20:52:30,35.1,99.674,67.5,-6.12634
2026-05-20 20:53:20,35.1,99.669,66.2,-8.68163
2026-05-20 20:54:10,35.0,99.669,65.5,1796.846
2026-05-20 20:55:00,35.0,99.665,65.5,-3.35493
2026-05-20 20:55:50,34.9,99.659,65.3,-5.19501
2026-05-20 20:56:40,34.9,99.671,66.4,-3.70485
2026-05-20 20:57:30,35.1,99.668,65.7,-13.21085
2026-05-20 20:58:20,35.0,99.676,65.4,1781.43602
2026-05-20 20:59:10,35.0,99.67,65.6,1651.0717
2026-05-20 21:00:00,35.0,99.671,64.5,1917.3205
2026-05-20 21:00:50,35.0,99.676,65.8,1875.73781
2026-05-20 21:01:40,35.0,99.661,65.4,1783.40032
2026-05-20 21:02:30,35.0,99.666,64.8,75.30204
2026-05-20 21:03:20,35.0,99.672,66.1,-5.82492
2026-05-20 21:04:10,35.0,99.677,65.7,1528.62801
2026-05-20 21:05:00,35.1,99.674,66.5,1605.37424
2026-05-20 21:05:50,35.0,99.672,64.9,1870.85685
2026-05-20 21:06:40,35.0,99.674,66.8,1640.71876
2026-05-20 21:07:30,34.9,99.662,65.9,-4.55139
2026-05-20 21:08:20,35.0,99.66,63.5,1681.17026
2026-05-20 21:09:10,35.1,99.667,65.7,1478.90555
2026-05-20 21:10:00,35.1,99.678,64.8,-8.33756
2026-05-20 21:10:50,35.0,99.676,64.9,340.58536
2026-05-20 21:11:40,35.0,99.672,65.2,-12.22164
2026-05-20 21:12:30,35.0,99.668,65.7,-4.67808
2026-05-20 21:13:20,35.0,99.667,63.0,-14.7256
2026-05-20 21:14:10,35.0,99.67,65.2,-14.73699
2026-05-20 21:15:00,35.0,99.66,67.1,-10.14178
2026-05-20 21:15:50,35.0,99.667,65.5,-4.52567
2026-05-20 21:16:40,35.0,99.671,66.3,1529.3619
2026-05-20 21:17:30,35.1,99.666,65.5,-3.21581
2026-05-20 21:18:20,35.0,99.666,65.4,1876.82208
2026-05-20 21:19:10,35.0,99.663,64.8,1788.30848
2026-05-20 21:20:00,35.0,99.668,65.6,-8.85881
2026-05-20 21:20:50,35.0,99.663,66.1,1363.85695
2026-05-20 21:21:40,35.0,99.678,65.1,-6.38945
2026-05-20 21:22:30,35.0,99.672,64.2,1659.89316
2026-05-20 21:23:20,34.9,99.659,64.2,1393.15729
2026-05-20 21:24:10,35.0,99.667,66.5,-6.25082
2026-05-20 21:25:00,35.0,99.669,68.0,1716.62021
2026-05-20 21:25:50,35.0,99.666,65.7,289.74956
2026-05-20 21:26:40,35.0,99.668,65.2,-11.00203
2026-05-20 21:27:30,35.0,99.662,66.7,-4.01382
2026-05-20 21:28:20,35.0,99.664,66.1,-9.5275
2026-05-20 21:29:10,35.0,99.663,66.4,1790.06592
2026-05-20 21:30:00,35.0,99.663,64.3,-9.15283
2026-05-20 21:30:50,35.0,99.666,65.8,-14.54111
2026-05-20 21:31:40,35.1,99.666,66.2,1396.92076
2026-05-20 21:32:30,35.0,99.668,64.8,-11.51154
2026-05-20 21:33:20,35.0,99.68,65.9,-7.85545
2026-05-20 21:34:10,35.0,99.661,66.2,-9.68496
2026-05-20 21:35:00,35.0,99.664,64.2,-12.39192
2026-05-20 21:35:50,35.0,99.67,64.6,1735.35634
2026-05-20 21:36:40,35.0,99.673,66.1,1935.45806
2026-05-20 21:37:30,35.1,99.675,65.6,443.96401
2026-05-20 21:38:20,35.0,99.662,63.8,1413.90819
2026-05-20 21:39:10,35.0,99.673,67.9,1356.39201
2026-05-20 21:40:00,35.0,99.66,66.3,1467.77195
2026-05-20 21:40:50,35.0,99.668,63.8,-5.45768
2026-05-20 21:41:40,35.0,99.667,65.6,1467.50411
2026-05-20 21:42:30,35.0,99.679,65.8,29.89898
2026-05-20 21:43:20,35.0,99.678,65.2,-3.84381
2026-05-20 21:44:10,35.0,99.671,68.0,-6.94264
2026-05-20 21:45:00,35.0,99.667,65.5,-12.76585
2026-05-20 21:45:50,35.1,99.666,66.2,1654.2731
2026-05-20 21:46:40,35.0,99.659,66.0,1607.41539
2026-05-20 21:47:30,35.0,99.66,65.5,-11.66839
2026-05-20 21:48:20,35.0,99.66,65.6,1614.04967
2026-05-20 21:49:10,35.1,99.667,65.5,-5.33168
2026-05-20 21:50:00,35.0,99.67,66.0,1475.99981
2026-05-20 21:50:50,35.0,99.669,66.0,1419.31448
2026-05-20 21:51:40,35.1,99.656,66.2,-3.5245
2026-05-20 21:52:30,34.9,99.671,64.9,1884.78296
2026-05-20 21:53:20,35.1,99.667,66.1,1562.79949
2026-05-20 21:54:10,35.0,99.667,64.4,-13.28944
2026-05-20 21:55:00,35.1,99.67,64.3,-3.01145
2026-05-20 21:55:50,35.1,99.666,65.1,1934.59765
2026-05-20 21:56:40,35.0,99.659,66.5,1755.67357
2026-05-20 21:57:30,35.0,99.668,66.1,1564.56494
2026-05-20 21:58:20,35.0,99.661,63.3,162.40836
2026-05-20 21:59:10,35.0,99.663,65.5,-3.86793
2026-05-20 22:00:00,35.1,99.67,63.7,1383.01768
2026-05-20 22:00:50,35.0,99.666,66.2,88.24721
2026-05-20 22:01:40,35.1,99.671,65.4,1697.53059
2026-05-20 22:02:30,35.0,99.68,64.8,1748.95804
2026-05-20 22:03:20,35.0,99.668,65.0,1653.30313
2026-05-20 22:04:10,35.0,99.669,65.4,-8.39148
2026-05-20 22:05:00,35.0,99.676,65.4,-2.99617
2026-05-20 22:05:50,34.9,99.665,66.6,-12.57261
2026-05-20 22:06:40,35.1,99.679,65.5,-13.64426
2026-05-20 22:07:30,35.0,99.671,63.9,1792.2817
2026-05-20 22:08:20,35.0,99.669,65.6,1541.76833
2026-05-20 22:09:10,35.0,99.666,66.4,-3.64201
2026-05-20 22:10:00,35.0,99.668,64.8,-3.84221
2026-05-20 22:10:50,35.0,99.666,64.9,1739.13448
2026-05-20 22:11:40,35.0,99.663,65.2,1636.30125
2026-05-20 22:12:30,35.0,99.67,65.4,-11.23964
2026-05-20 22:13:20,35.1,99.671,65.8,1480.03951
2026-05-20 22:14:10,35.0,99.674,64.5,-6.4175
2026-05-20 22:15:00,35.1,99.666,65.0,-8.30789
2026-05-20 22:15:50,35.0,99.668,64.9,-10.37733
2026-05-20 22:16:40,35.0,99.659,66.6,-14.0758
2026-05-20 22:17:30,35.1,99.673,64.9,1860.55472
2026-05-20 22:18:20,35.1,99.673,64.7,1907.12443
2026-05-20 22:19:10,35.1,99.667,63.8,-4.74641
2026-05-20 22:20:00,35.0,99.673,64.1,-7.40933
2026-05-20 22:20:50,35.0,99.672,64.6,1706.4372
2026-05-20 22:21:40,35.1,99.654,66.7,1512.80891
2026-05-20 22:22:30,35.0,99.666,64.3,-7.36599
2026-05-20 22:23:20,35.1,99.664,64.5,-4.21431
2026-05-20 22:24:10,34.9,99.666,62.2,1770.1692
2026-05-20 22:25:00,35.0,99.661,64.8,1807.13958
2026-05-20 22:25:50,35.1,99.663,64.8,-5.97559
2026-05-20 22:26:40,35.1,99.669,64.7,-2.79506
2026-05-20 22:27:30,35.0,99.663,64.8,-14.17943
2026-05-20 22:28:20,34.9,99.666,63.3,1609.94207
2026-05-20 22:29:10,35.1,99.661,64.1,204.00979
2026-05-20 22:30:00,35.0,99.671,63.9,1644.96885
2026-05-20 22:30:50,35.1,99.68,64.0,-3.38964
2026-05-20 22:31:40,35.0,99.673,65.1,209.82045
2026-05-20 22:32:30,35.0,99.669,66.9,1433.73307
2026-05-20 22:33:20,35.0,99.672,64.0,1715.55642
2026-05-20 22:34:10,35.0,99.672,64.4,-4.67705
2026-05-20 22:35:00,35.0,99.668,66.2,1605.96512
2026-05-20 22:35:50,35.0,99.663,64.2,-5.69026
2026-05-20 22:36:40,35.0,99.681,64.9,351.00042
2026-05-20 22:37:30,35.0,99.671,65.1,-6.72886
2026-05-20 22:38:20,35.0,99.677,66.3,-4.577
2026-05-20 22:39:10,35.0,99.662,65.5,-13.0912
2026-05-20 22:40:00,35.0,99.666,65.5,-14.74719
2026-05-20 22:40:50,35.0,99.671,66.2,-8.04502
2026-05-20 22:41:40,35.0,99.668,64.4,1656.39618
2026-05-20 22:42:30,35.0,99.669,65.1,-14.74204
2026-05-20 22:43:20,35.0,99.67,68.2,1578.7118
2026-05-20 22:44:10,35.1,99.665,66.3,-4.57316
2026-05-20 22:45:00,35.0,99.665,64.8,-14.0024
2026-05-20 22:45:50,35.0,99.66,64.1,-10.181
2026-05-20 22:46:40,35.0,99.675,65.9,-14.3476
2026-05-20 22:47:30,35.1,99.661,64.9,-12.93718
2026-05-20 22:48:20,35.0,99.676,64.8,1569.2153
2026-05-20 22:49:10,35.0,99.663,63.2,-5.93194
2026-05-20 22:50:00,35.0,99.665,62.9,-4.55367
2026-05-20 22:50:50,35.0,99.668,67.7,-3.75547
2026-05-20 22:51:40,35.0,99.666,65.6,-7.96724
2026-05-20 22:52:30,35.0,99.669,65.3,-13.82393
2026-05-20 22:53:20,35.0,99.665,63.4,1661.26335
2026-05-20 22:54:10,35.0,99.669,63.8,-6.51963
2026-05-20 22:55:00,35.0,99.665,64.9,1776.36157
2026-05-20 22:55:50,35.0,99.663,66.6,-8.13523
2026-05-20 22:56:40,35.0,99.663,64.9,-4.22967
2026-05-20 22:57:30,35.0,99.669,65.1,-3.02002
2026-05-20 22:58:20,35.0,99.669,63.3,-2.55355
2026-05-20 22:59:10,35.0,99.67,64.8,1804.38601
2026-05-20 23:00:00,35.0,99.672,66.1,-12.45973
2026-05-20 23:00:50,35.1,99.668,66.0,429.47788
2026-05-20 23:01:40,35.0,99.673,63.9,1746.26007
2026-05-20 23:02:30,35.1,99.671,64.1,-13.82698
2026-05-20 23:03:20,35.1,99.663,65.5,1590.07625
2026-05-20 23:04:10,35.0,99.658,64.9,-6.01219
2026-05-20 23:05:00,35.0,99.669,64.9,-11.4376
2026-05-20 23:05:50,35.0,99.671,65.1,1845.98533
2026-05-20 23:06:40,34.9,99.667,65.4,1882.82968
2026-05-20 23:07:30,35.1,99.673,66.7,1823.21593
2026-05-20 23:08:20,35.0,99.663,66.3,1907.30274
2026-05-20 23:09:10,35.1,99.669,65.2,332.46451
2026-05-20 23:10:00,35.1,99.67,65.0,1431.39658
2026-05-20 23:10:50,35.1,99.666,65.7,251.35057
2026-05-20 23:11:40,35.0,99.664,64.3,258.03242
2026-05-20 23:12:30,35.1,99.662,65.2,-13.18282
2026-05-20 23:13:20,35.0,99.665,64.7,-8.90103
2026-05-20 23:14:10,35.0,99.666,65.2,-13.26751
2026-05-20 23:15:00,35.0,99.668,65.4,-2.55143
2026-05-20 23:15:50,35.1,99.671,65.9,1708.79119
2026-05-20 23:16:40,35.0,99.666,62.8,-9.69991
2026-05-20 23:17:30,35.0,99.667,63.6,1533.11897
2026-05-20 23:18:20,35.0,99.673,65.4,1718.81986
2026-05-20 23:19:10,35.1,99.666,66.6,216.87903
2026-05-20 23:20:00,35.0,99.665,65.4,-5.86212
2026-05-20 23:20:50,35.0,99.673,66.7,-13.28084
2026-05-20 23:21:40,35.1,99.67,63.7,-2.84189
2026-05-20 23:22:30,35.0,99.676,65.9,1768.45687
2026-05-20 23:23:20,35.0,99.657,66.3,-9.94569
2026-05-20 23:24:10,34.9,99.674,65.2,1647.17509
2026-05-20 23:25:00,35.0,99.672,64.6,-12.37458
2026-05-20 23:25:50,35.0,99.673,64.5,1936.03787
2026-05-20 23:26:40,35.1,99.656,64.1,-8.36996
2026-05-20 23:27:30,35.0,99.679,65.4,-14.75307
2026-05-20 23:28:20,35.1,99.665,65.1,1899.75636
2026-05-20 23:29:10,35.0,99.661,65.0,1563.87862
2026-05-20 23:30:00,35.0,99.662,66.0,377.0183
2026-05-20 23:30:50,35.0,99.662,63.9,1367.21146
2026-05-20 23:31:40,35.1,99.669,66.9,262.6799
2026-05-20 23:32:30,35.0,99.671,66.1,1415.26187
2026-05-20 23:33:20,35.0,99.668,66.6,-11.62039
2026-05-20 23:34:10,35.0,99.66,66.7,-11.79538
2026-05-20 23:35:00,35.0,99.672,65.1,-10.34194
2026-05-20 23:35:50,35.0,99.672,66.8,-6.2855
2026-05-20 23:36:40,35.1,99.662,64.9,1644.69379
2026-05-20 23:37:30,35.0,99.673,65.7,-14.00115
2026-05-20 23:38:20,35.0,99.676,64.7,1922.66823
2026-05-20 23:39:10,35.1,99.662,65.3,-8.94822
2026-05-20 23:40:00,35.0,99.669,65.9,1858.05333
2026-05-20 23:40:50,35.1,99.667,64.0,183.14528
2026-05-20 23:41:40,35.0,99.667,64.1,1929.33596
2026-05-20 23:42:30,35.1,99.667,64.6,1831.62361
2026-05-20 23:43:20,35.0,99.663,64.7,-4.26618
2026-05-20 23:44:10,35.0,99.654,65.1,1474.69769
2026-05-20 23:45:00,35.1,99.664,65.1,1914.63932
2026-05-20 23:45:50,35.0,99.661,64.5,-11.79245
2026-05-20 23:46:40,35.0,99.676,65.8,1751.07603
2026-05-20 23:47:30,35.0,99.669,65.7,-2.92872
2026-05-20 23:48:20,35.0,99.667,65.0,-12.08608
2026-05-20 23:49:10,35.1,99.673,64.3,46.49171
2026-05-20 23:50:00,35.0,99.663,63.0,1376.19239
2026-05-20 23:50:50,35.0,99.666,64.4,1463.86385
2026-05-20 23:51:40,35.0,99.67,65.8,-4.00176
2026-05-20 23:52:30,35.0,99.657,65.5,-3.35065
2026-05-20 23:53:20,35.0,99.671,64.2,47.25139
2026-05-20 23:54:10,35.0,99.665,64.4,317.4504
2026-05-20 23:55:00,35.0,99.665,65.6,350.93383
2026-05-20 23:55:50,35.0,99.659,64.5,1435.77999
2026-05-20 23:56:40,35.1,99.664,65.0,-5.06208
2026-05-20 23:57:30,35.0,99.671,65.2,443.27189
2026-05-20 23:58:20,34.9,99.67,63.1,1447.43331
2026-05-20 23:59:10,35.1,99.661,65.0,-13.32341
2026-05-21 00:00:00,35.0,99.667,66.6,-11.07114
2026-05-21 00:00:50,35.0,99.657,64.2,-10.90606
2026-05-21 00:01:40,35.1,99.666,66.3,-3.91001
2026-05-21 00:02:30,35.1,99.675,65.8,170.42482
2026-05-21 00:03:20,35.0,99.665,63.7,1591.77977
2026-05-21 00:04:10,35.0,99.681,67.2,1886.1878
2026-05-21 00:05:00,35.0,99.671,66.2,177.8706
2026-05-21 00:05:50,35.0,99.669,64.9,1612.18471
2026-05-21 00:06:40,35.0,99.672,63.4,1502.75834
2026-05-21 00:07:30,35.0,99.671,65.8,70.62786
2026-05-21 00:08:20,35.0,99.664,65.8,-5.03782
2026-05-21 00:09:10,35.0,99.66,64.2,13.40232
2026-05-21 00:10:00,35.1,99.674,63.9,-4.44875
2026-05-21 00:10:50,35.0,99.67,64.8,-10.35966
2026-05-21 00:11:40,35.0,99.663,63.8,-11.39089
2026-05-21 00:12:30,35.0,99.676,66.0,1903.56004
2026-05-21 00:13:20,35.0,99.661,64.8,-12.7354
2026-05-21 00:14:10,35.1,99.663,66.9,246.6972
2026-05-21 00:15:00,35.0,99.667,66.8,-13.61981
2026-05-21 00:15:50,34.9,99.67,62.1,1800.95683
2026-05-21 00:16:40,35.0,99.664,65.8,1707.86851
2026-05-21 00:17:30,35.0,99.678,61.8,-9.49183
2026-05-21 00:18:20,35.1,99.663,64.6,169.83833
2026-05-21 00:19:10,35.1,99.665,64.2,93.91219
2026-05-21 00:20:00,35.0,99.674,64.7,1411.77877
2026-05-21 00:20:50,34.9,99.669,64.7,-5.16775
2026-05-21 00:21:40,34.9,99.668,65.3,1746.88177
2026-05-21 00:22:30,35.0,99.674,66.0,-6.05923
2026-05-21 00:23:20,35.1,99.668,66.7,-9.75757
2026-05-21 00:24:10,35.1,99.664,67.3,1600.67404
2026-05-21 00:25:00,35.0,99.668,64.8,-8.99463
2026-05-21 00:25:50,35.1,99.662,65.7,1738.30745
2026-05-21 00:26:40,35.1,99.67,68.6,1791.87581
2026-05-21 00:27:30,35.0,99.673,66.6,-8.92846
2026-05-21 00:28:20,35.0,99.672,65.6,-13.07101
2026-05-21 00:29:10,35.1,99.669,64.9,1584.54807
2026-05-21 00:30:00,35.0,99.664,66.4,-8.49098
2026-05-21 00:30:50,35.1,99.659,63.8,-4.66231
2026-05-21 00:31:40,35.1,99.669,68.5,1867.04773
2026-05-21 00:32:30,35.0,99.662,66.4,-3.99579
2026-05-21 00:33:20,35.0,99.667,66.5,1354.82805
2026-05-21 00:34:10,35.0,99.664,65.0,1471.69747
2026-05-21 00:35:00,35.1,99.666,65.7,-11.5334
2026-05-21 00:35:50,35.0,99.666,66.3,-8.42951
2026-05-21 00:36:40,35.0,99.667,65.1,210.34312
2026-05-21 00:37:30,35.0,99.666,63.3,1829.69489
2026-05-21 00:38:20,34.9,99.672,63.5,1389.50183
2026-05-21 00:39:10,35.0,99.664,65.2,1401.52115
2026-05-21 00:40:00,35.0,99.666,67.8,-3.53497
2026-05-21 00:40:50,35.0,99.671,63.2,-5.71857
2026-05-21 00:41:40,35.0,99.662,65.8,35.13559
2026-05-21 00:42:30,35.1,99.67,66.9,1741.31122
2026-05-21 00:43:20,35.0,99.668,63.9,1748.27633
2026-05-21 00:44:10,35.0,99.676,66.0,351.95563
2026-05-21 00:45:00,35.0,99.674,65.8,-2.71234
2026-05-21 00:45:50,35.0,99.669,65.5,242.13027
2026-05-21 00:46:40,35.0,99.663,66.8,-4.3338
2026-05-21 00:47:30,35.0,99.662,65.1,1865.87104
2026-05-21 00:48:20,35.0,99.662,64.7,-6.37651
2026-05-21 00:49:10,35.0,99.666,66.1,359.74588
2026-05-21 00:50:00,35.0,99.672,67.1,-14.41361
2026-05-21 00:50:50,35.0,99.663,65.9,1549.17914
2026-05-21 00:51:40,35.1,99.673,64.7,1873.93449
2026-05-21 00:52:30,35.0,99.669,64.5,-3.95045
2026-05-21 00:53:20,35.0,99.669,64.9,-9.1918
2026-05-21 00:54:10,35.0,99.664,64.9,1830.21656
2026-05-21 00:55:00,34.9,99.66,64.9,1709.18041
2026-05-21 00:55:50,35.0,99.675,62.5,140.16849
2026-05-21 00:56:40,35.0,99.673,66.2,-5.86393
2026-05-21 00:57:30,35.0,99.653,64.9,-13.42529
2026-05-21 00:58:20,35.0,99.666,67.0,-12.79463
2026-05-21 00:59:10,35.0,99.671,63.6,1459.72355
2026-05-21 01:00:00,35.1,99.676,65.0,1912.04315
2026-05-21 01:00:50,35.0,99.666,66.5,1501.34176
2026-05-21 01:01:40,35.0,99.673,64.9,1645.87559
2026-05-21 01:02:30,35.0,99.666,66.3,1829.53694
2026-05-21 01:03:20,35.0,99.663,64.7,-4.70023
2026-05-21 01:04:10,34.9,99.669,66.2,1393.31981
2026-05-21 01:05:00,35.0,99.665,65.0,-6.94397
2026-05-21 01:05:50,35.1,99.67,65.1,-8.90361
2026-05-21 01:06:40,35.0,99.661,63.0,1865.3418
2026-05-21 01:07:30,35.0,99.659,67.0,1538.84195
2026-05-21 01:08:20,35.0,99.665,65.0,1588.98467
2026-05-21 01:09:10,35.0,99.676,62.3,1825.20693
2026-05-21 01:10:00,35.0,99.673,63.1,1491.38894
2026-05-21 01:10:50,35.1,99.672,66.5,-7.30716
2026-05-21 01:11:40,35.0,99.666,64.1,-8.26569
2026-05-21 01:12:30,35.0,99.66,66.6,103.39755
2026-05-21 01:13:20,35.0,99.668,64.3,1776.61168
2026-05-21 01:14:10,35.0,99.67,63.8,1482.05579
2026-05-21 01:15:00,35.0,99.666,65.9,151.91957
2026-05-21 01:15:50,35.0,99.667,65.4,-7.5246
2026-05-21 01:16:40,35.0,99.67,66.5,-11.16445
2026-05-21 01:17:30,35.0,99.668,65.0,1378.11978
2026-05-21 01:18:20,35.1,99.664,65.2,1532.4529
2026-05-21 01:19:10,35.0,99.667,66.0,-5.39413
2026-05-21 01:20:00,35.0,99.669,65.1,1393.43874
2026-05-21 01:20:50,35.0,99.669,64.3,1727.32581
2026-05-21 01:21:40,35.1,99.663,64.6,1422.274
2026-05-21 01:22:30,35.0,99.672,65.2,-8.19561
2026-05-21 01:23:20,35.0,99.661,64.5,1387.55833
2026-05-21 01:24:10,35.0,99.668,63.7,-4.63046
2026-05-21 01:25:00,35.0,99.666,64.4,-11.87004
2026-05-21 01:25:50,35.1,99.66,64.5,-10.77214
2026-05-21 01:26:40,35.1,99.664,66.5,1807.53397
2026-05-21 01:27:30,35.0,99.663,64.3,-6.57486
2026-05-21 01:28:20,35.0,99.666,66.5,1592.17563
2026-05-21 01:29:10,35.0,99.674,64.1,-3.74065
2026-05-21 01:30:00,35.0,99.665,64.7,1506.18434
2026-05-21 01:30:50,35.1,99.661,64.8,-8.85981
2026-05-21 01:31:40,35.0,99.67,66.4,-10.27882
2026-05-21 01:32:30,35.0,99.675,64.6,-6.5937
2026-05-21 01:33:20,35.1,99.663,66.3,1719.33305
2026-05-21 01:34:10,35.0,99.672,66.2,1682.33863
2026-05-21 01:35:00,35.0,99.667,65.9,1555.64833
2026-05-21 01:35:50,35.1,99.667,64.0,1410.79643
2026-05-21 01:36:40,35.0,99.672,68.6,1541.85479
2026-05-21 01:37:30,35.1,99.673,64.7,-9.52876
2026-05-21 01:38:20,35.0,99.666,65.6,-13.81225
2026-05-21 01:39:10,35.0,99.667,65.1,-7.71083
2026-05-21 01:40:00,35.1,99.668,63.9,1764.72713
2026-05-21 01:40:50,35.1,99.669,65.9,1845.56477
2026-05-21 01:41:40,35.0,99.657,65.1,-12.55869
2026-05-21 01:42:30,35.0,99.658,65.0,1353.74661
2026-05-21 01:43:20,35.0,99.67,64.4,1724.32278
2026-05-21 01:44:10,35.0,99.668,63.5,172.54082
2026-05-21 01:45:00,35.0,99.674,64.5,1480.34754
2026-05-21 01:45:50,35.1,99.667,65.6,1412.28274
2026-05-21 01:46:40,35.1,99.677,67.1,1738.09644
2026-05-21 01:47:30,35.0,99.664,65.9,310.09749
2026-05-21 01:48:20,35.0,99.662,64.4,328.16437
2026-05-21 01:49:10,35.0,99.664,67.0,-12.47203
2026-05-21 01:50:00,35.0,99.67,67.2,1652.56314
2026-05-21 01:50:50,35.0,99.664,62.6,213.2013
2026-05-21 01:51:40,35.0,99.672,64.2,-13.18845
2026-05-21 01:52:30,35.0,99.674,65.4,-11.29267
2026-05-21 01:53:20,34.9,99.669,67.0,-5.9552
2026-05-21 01:54:10,35.1,99.677,65.5,-9.67346
2026-05-21 01:55:00,35.0,99.673,66.6,371.86717
2026-05-21 01:55:50,35.0,99.658,65.7,1729.33802
2026-05-21 01:56:40,34.9,99.667,67.9,-12.69096
2026-05-21 01:57:30,35.1,99.68,65.3,-10.95139
2026-05-21 01:58:20,35.0,99.66,65.5,-9.53323
2026-05-21 01:59:10,35.0,99.664,64.9,320.82672
2026-05-21 02:00:00,35.0,99.667,63.9,-13.86877
2026-05-21 02:00:50,35.0,99.667,65.6,-7.26614
2026-05-21 02:01:40,35.0,99.673,63.7,154.16173
2026-05-21 02:02:30,35.0,99.669,67.1,-7.88912
2026-05-21 02:03:20,35.1,99.672,65.4,48.46523
2026-05-21 02:04:10,35.0,99.671,65.5,1513.92361
2026-05-21 02:05:00,35.1,99.663,64.7,1734.75469
2026-05-21 02:05:50,35.1,99.668,63.6,-12.80613
2026-05-21 02:06:40,35.0,99.668,63.9,-5.42438
2026-05-21 02:07:30,35.0,99.68,64.4,-13.78324
2026-05-21 02:08:20,35.0,99.665,66.6,158.13054
2026-05-21 02:09:10,35.0,99.672,66.1,-14.67883
2026-05-21 02:10:00,35.1,99.674,65.9,1608.80173
2026-05-21 02:10:50,35.0,99.673,64.3,1604.09179
2026-05-21 02:11:40,35.1,99.679,64.3,-4.60071
2026-05-21 02:12:30,35.0,99.672,65.2,-12.1245
2026-05-21 02:13:20,35.0,99.674,65.0,1733.6375
2026-05-21 02:14:10,35.0,99.667,64.3,-2.60418
2026-05-21 02:15:00,35.0,99.672,65.8,-11.58313
2026-05-21 02:15:50,35.0,99.668,62.5,-4.52034
2026-05-21 02:16:40,35.0,99.664,63.3,-13.24479
2026-05-21 02:17:30,35.0,99.675,67.0,1383.11591
2026-05-21 02:18:20,34.9,99.67,65.4,1798.03146
2026-05-21 02:19:10,35.0,99.67,62.8,1791.30403
2026-05-21 02:20:00,35.0,99.677,65.3,-13.73334
2026-05-21 02:20:50,35.0,99.666,65.1,1840.38367
2026-05-21 02:21:40,35.1,99.674,64.3,1767.09338
2026-05-21 02:22:30,35.0,99.664,66.2,1812.1796
2026-05-21 02:23:20,35.0,99.666,66.1,-12.75673
2026-05-21 02:24:10,35.0,99.666,66.6,1614.01135
2026-05-21 02:25:00,35.0,99.664,64.0,-5.59514
2026-05-21 02:25:50,34.9,99.666,63.7,-7.13918
2026-05-21 02:26:40,35.1,99.676,65.8,116.69735
2026-05-21 02:27:30,35.1,99.67,66.6,1850.20643
2026-05-21 02:28:20,35.0,99.669,65.5,340.09457
2026-05-21 02:29:10,35.0,99.668,66.1,-5.9704
2026-05-21 02:30:00,35.0,99.666,65.8,-6.6656
2026-05-21 02:30:50,35.0,99.675,66.0,-12.1263
2026-05-21 02:31:40,35.0,99.672,65.5,307.90772
2026-05-21 02:32:30,35.0,99.673,63.2,1559.87321
2026-05-21 02:33:20,35.0,99.672,66.9,274.68582
2026-05-21 02:34:10,35.0,99.678,63.4,-14.21437
2026-05-21 02:35:00,35.1,99.673,64.4,-4.21585
2026-05-21 02:35:50,35.1,99.675,63.6,-2.83522
2026-05-21 02:36:40,35.0,99.658,65.6,-13.91315
2026-05-21 02:37:30,35.0,99.661,64.2,1694.76607
2026-05-21 02:38:20,35.0,99.67,65.0,1629.16201
2026-05-21 02:39:10,35.0,99.674,66.0,-13.98545
2026-05-21 02:40:00,35.0,99.668,64.8,-2.95043
2026-05-21 02:40:50,35.0,99.667,66.3,-12.40784
2026-05-21 02:41:40,35.0,99.66,62.8,-5.44362
2026-05-21 02:42:30,35.1,99.665,65.3,-8.11944
2026-05-21 02:43:20,35.0,99.668,64.9,1382.13811
2026-05-21 02:44:10,35.1,99.678,64.7,1811.99996
2026-05-21 02:45:00,35.0,99.669,65.5,1395.24233
2026-05-21 02:45:50,35.0,99.664,65.3,228.55847
2026-05-21 02:46:40,35.0,99.673,63.1,-2.51825
2026-05-21 02:47:30,35.1,99.669,67.3,47.0039
2026-05-21 02:48:20,34.9,99.676,65.1,-10.06412
2026-05-21 02:49:10,35.0,99.668,68.0,1595.82443
2026-05-21 02:50:00,35.0,99.666,66.2,1876.33109
2026-05-21 02:50:50,35.1,99.673,65.6,378.45452
2026-05-21 02:51:40,35.0,99.668,65.2,1829.86829
2026-05-21 02:52:30,35.0,99.672,64.8,1884.20125
2026-05-21 02:53:20,35.1,99.672,65.3,-8.09655
2026-05-21 02:54:10,35.1,99.665,65.5,-4.58693
2026-05-21 02:55:00,35.0,99.664,66.5,1737.61467
2026-05-21 02:55:50,35.1,99.668,62.3,-4.28118
2026-05-21 02:56:40,35.0,99.672,63.7,-10.71753
2026-05-21 02:57:30,35.0,99.677,67.4,1792.39874
2026-05-21 02:58:20,35.0,99.671,67.1,1728.18298
2026-05-21 02:59:10,35.0,99.665,65.0,1673.16115
2026-05-21 03:00:00,35.0,99.67,64.5,1455.39873
2026-05-21 03:00:50,35.0,99.668,67.5,1458.06393
2026-05-21 03:01:40,35.0,99.663,65.2,227.35354
2026-05-21 03:02:30,35.0,99.672,66.0,59.78533
2026-05-21 03:03:20,35.1,99.671,64.9,-8.77702
2026-05-21 03:04:10,35.0,99.665,65.5,-14.34087
2026-05-21 03:05:00,35.1,99.676,63.5,1591.16863
2026-05-21 03:05:50,35.0,99.662,66.2,270.48689
2026-05-21 03:06:40,35.0,99.666,63.5,1671.95438
2026-05-21 03:07:30,35.0,99.669,65.7,-4.24046
2026-05-21 03:08:20,35.0,99.673,67.5,1547.81539
2026-05-21 03:09:10,35.1,99.67,66.6,61.79458
2026-05-21 03:10:00,35.0,99.663,64.8,-11.41152
2026-05-21 03:10:50,35.1,99.674,64.3,1779.38573
2026-05-21 03:11:40,35.0,99.674,65.3,-2.65731
2026-05-21 03:12:30,34.9,99.673,65.3,1775.85521
2026-05-21 03:13:20,34.9,99.663,66.6,-8.62667
2026-05-21 03:14:10,34.9,99.665,62.8,-14.33121
2026-05-21 03:15:00,35.0,99.675,65.7,1628.78367
2026-05-21 03:15:50,35.1,99.665,65.6,-7.54204
2026-05-21 03:16:40,35.1,99.673,66.8,-14.01914
2026-05-21 03:17:30,35.0,99.671,67.2,-5.21935
2026-05-21 03:18:20,35.0,99.672,63.9,1587.10202
2026-05-21 03:19:10,35.0,99.669,65.5,1524.67733
2026-05-21 03:20:00,35.0,99.674,61.7,1853.50701
2026-05-21 03:20:50,35.0,99.655,66.5,1710.11138
2026-05-21 03:21:40,35.0,99.674,66.3,13.70022
2026-05-21 03:22:30,35.0,99.664,67.3,-8.39686
2026-05-21 03:23:20,35.0,99.666,66.3,41.05961
2026-05-21 03:24:10,35.0,99.663,64.7,1603.40887
2026-05-21 03:25:00,35.0,99.666,65.0,-6.5233
2026-05-21 03:25:50,35.0,99.671,64.5,-5.89157
2026-05-21 03:26:40,35.0,99.657,65.7,49.52933
2026-05-21 03:27:30,35.0,99.662,66.2,-7.6808
2026-05-21 03:28:20,34.9,99.669,65.8,115.4442
2026-05-21 03:29:10,35.1,99.664,65.8,1603.69578
2026-05-21 03:30:00,35.0,99.666,64.3,1839.87905
2026-05-21 03:30:50,35.0,99.666,64.1,1585.12534
2026-05-21 03:31:40,35.1,99.669,64.6,-7.48458
2026-05-21 03:32:30,35.1,99.663,67.1,1858.12319
2026-05-21 03:33:20,35.0,99.664,66.8,1887.17075
2026-05-21 03:34:10,35.0,99.661,65.0,1721.33417
2026-05-21 03:35:00,35.0,99.67,66.1,-3.46166
2026-05-21 03:35:50,35.0,99.67,64.6,1549.02626
2026-05-21 03:36:40,35.0,99.673,65.4,-3.83966
2026-05-21 03:37:30,34.9,99.671,65.8,-7.48739
2026-05-21 03:38:20,35.1,99.665,63.8,1850.3868
2026-05-21 03:39:10,35.0,99.668,64.9,-6.92457
2026-05-21 03:40:00,35.0,99.668,66.0,-7.50547
2026-05-21 03:40:50,35.0,99.666,66.4,326.41474
2026-05-21 03:41:40,35.0,99.667,67.7,1730.54528
2026-05-21 03:42:30,35.1,99.661,65.1,1934.48853
2026-05-21 03:43:20,35.0,99.669,64.7,1639.96727
2026-05-21 03:44:10,35.0,99.665,64.9,1783.56253
2026-05-21 03:45:00,35.0,99.662,64.3,-3.81939
2026-05-21 03:45:50,35.0,99.669,65.9,-10.56801
2026-05-21 03:46:40,34.9,99.672,65.4,-8.09597
2026-05-21 03:47:30,35.0,99.664,67.6,1670.35634
2026-05-21 03:48:20,35.0,99.67,65.2,1896.68567
2026-05-21 03:49:10,35.0,99.66,65.3,1630.38816
2026-05-21 03:50:00,35.1,99.675,64.7,1891.9801
2026-05-21 03:50:50,35.0,99.663,63.9,1485.53198
2026-05-21 03:51:40,35.1,99.671,66.2,-3.0254
2026-05-21 03:52:30,35.1,99.674,65.6,44.19019
2026-05-21 03:53:20,35.0,99.672,62.6,1636.96379
2026-05-21 03:54:10,35.0,99.667,65.3,-6.92626
2026-05-21 03:55:00,35.0,99.663,64.9,1452.23556
2026-05-21 03:55:50,35.1,99.67,65.1,-5.54291
2026-05-21 03:56:40,35.1,99.665,63.3,-6.84221
2026-05-21 03:57:30,35.0,99.67,66.0,-6.47243
2026-05-21 03:58:20,35.1,99.669,65.9,245.3303
2026-05-21 03:59:10,35.0,99.674,64.5,405.68189
2026-05-21 04:00:00,35.0,99.662,65.0,-8.47295
2026-05-21 04:00:50,35.0,99.659,65.2,-10.20565
2026-05-21 04:01:40,35.1,99.672,67.8,1388.38126
2026-05-21 04:02:30,35.0,99.667,64.2,1404.01874
2026-05-21 04:03:20,35.0,99.664,63.8,370.70181
2026-05-21 04:04:10,35.0,99.663,65.2,1617.76433
2026-05-21 04:05:00,35.0,99.672,66.2,1485.32883
2026-05-21 04:05:50,35.0,99.673,65.4,1454.8
2026-05-21 04:06:40,35.1,99.666,63.5,-10.87523
2026-05-21 04:07:30,35.0,99.666,65.2,-3.41442
2026-05-21 04:08:20,35.0,99.669,63.4,1440.29493
2026-05-21 04:09:10,35.0,99.666,66.9,1423.34488
2026-05-21 04:10:00,35.0,99.672,66.2,-5.96708
2026-05-21 04:10:50,35.1,99.668,63.8,1437.22835
2026-05-21 04:11:40,34.9,99.67,64.5,383.54261
2026-05-21 04:12:30,35.0,99.664,64.0,1927.08085
2026-05-21 04:13:20,35.0,99.665,65.8,-4.75941
2026-05-21 04:14:10,35.1,99.667,66.5,1801.95523
2026-05-21 04:15:00,35.0,99.669,65.8,-5.17012
2026-05-21 04:15:50,35.0,99.672,66.1,-4.50233
2026-05-21 04:16:40,35.0,99.671,66.3,-12.49611
2026-05-21 04:17:30,35.0,99.674,66.6,134.59255
2026-05-21 04:18:20,35.0,99.676,64.2,-7.11688
2026-05-21 04:19:10,35.0,99.667,65.0,-10.07835
2026-05-21 04:20:00,35.0,99.664,64.2,-14.50423
2026-05-21 04:20:50,35.0,99.662,65.9,1593.87422
2026-05-21 04:21:40,35.0,99.672,66.0,222.18761
2026-05-21 04:22:30,35.0,99.665,64.9,-3.30808
2026-05-21 04:23:20,35.0,99.67,64.9,-12.70209
2026-05-21 04:24:10,34.9,99.676,65.8,-12.53534
2026-05-21 04:25:00,35.0,99.674,65.9,1757.58093
2026-05-21 04:25:50,35.0,99.665,64.4,-7.01129
2026-05-21 04:26:40,35.0,99.675,66.1,-4.04695
2026-05-21 04:27:30,35.1,99.667,65.7,436.34165
2026-05-21 04:28:20,35.0,99.665,64.7,1580.3515
2026-05-21 04:29:10,35.1,99.672,64.8,1360.34971
2026-05-21 04:30:00,35.1,99.66,64.5,1417.66245
2026-05-21 04:30:50,34.9,99.672,64.9,1428.2438
2026-05-21 04:31:40,35.0,99.664,65.3,-6.30374
2026-05-21 04:32:30,35.0,99.671,65.4,-13.12651
2026-05-21 04:33:20,35.0,99.671,65.7,410.57964
2026-05-21 04:34:10,35.0,99.667,63.9,1872.74718
2026-05-21 04:35:00,35.1,99.666,67.0,-3.44611
2026-05-21 04:35:50,35.1,99.669,66.8,-12.51591
2026-05-21 04:36:40,35.0,99.669,63.7,-11.46912
2026-05-21 04:37:30,35.0,99.673,65.9,1931.27659
2026-05-21 04:38:20,35.1,99.665,66.1,-4.13043
2026-05-21 04:39:10,35.1,99.667,64.5,1810.45644
2026-05-21 04:40:00,35.0,99.667,65.7,-11.41716
2026-05-21 04:40:50,35.0,99.662,64.0,1772.34087
2026-05-21 04:41:40,35.0,99.659,66.1,-14.54779
2026-05-21 04:42:30,35.1,99.664,63.7,336.41706
2026-05-21 04:43:20,35.0,99.664,64.8,393.93934
2026-05-21 04:44:10,35.0,99.671,66.5,-11.38341
2026-05-21 04:45:00,35.0,99.68,66.6,-11.42243
2026-05-21 04:45:50,35.1,99.668,65.0,1748.28041
2026-05-21 04:46:40,35.1,99.67,66.5,1602.68565
2026-05-21 04:47:30,35.0,99.664,65.9,-6.94702
2026-05-21 04:48:20,35.0,99.667,65.3,1414.31607
2026-05-21 04:49:10,35.0,99.667,67.3,-10.53681
2026-05-21 04:50:00,35.1,99.669,63.2,1734.96141
2026-05-21 04:50:50,34.9,99.663,66.1,1746.13357
2026-05-21 04:51:40,35.1,99.667,65.5,1752.29951
2026-05-21 04:52:30,35.0,99.67,65.2,1917.77093
2026-05-21 04:53:20,35.0,99.664,64.9,-8.33677
2026-05-21 04:54:10,35.0,99.667,65.9,186.98568
2026-05-21 04:55:00,35.0,99.666,63.2,-11.33902
2026-05-21 04:55:50,35.0,99.663,66.3,-9.22147
2026-05-21 04:56:40,35.0,99.669,63.9,-14.72856
2026-05-21 04:57:30,35.0,99.674,64.9,1433.27856
2026-05-21 04:58:20,35.0,99.665,64.9,1419.6018
2026-05-21 04:59:10,35.0,99.662,63.8,-10.27648
2026-05-21 05:00:00,35.0,99.664,64.3,22.70195
2026-05-21 05:00:50,35.1,99.664,65.6,-5.86111
2026-05-21 05:01:40,35.0,99.661,64.2,-12.33936
2026-05-21 05:02:30,35.0,99.671,64.8,1458.70415
2026-05-21 05:03:20,35.0,99.676,65.6,27.0765
2026-05-21 05:04:10,35.0,99.669,64.6,1449.61459
2026-05-21 05:05:00,35.0,99.665,64.2,-11.39042
2026-05-21 05:05:50,35.0,99.668,66.3,1726.73983
2026-05-21 05:06:40,35.1,99.665,67.4,-5.66559
2026-05-21 05:07:30,34.9,99.67,64.8,-3.8378
2026-05-21 05:08:20,35.1,99.668,66.8,-10.50051
2026-05-21 05:09:10,35.0,99.669,66.2,-3.12269
2026-05-21 05:10:00,35.1,99.664,65.7,-13.3472
2026-05-21 05:10:50,34.9,99.676,65.2,1535.08552
2026-05-21 05:11:40,35.0,99.66,65.2,-14.12881
2026-05-21 05:12:30,35.0,99.674,65.1,1622.11182
2026-05-21 05:13:20,35.0,99.667,65.0,-4.46209
2026-05-21 05:14:10,35.1,99.669,65.0,1478.42593
2026-05-21 05:15:00,35.0,99.669,64.8,1864.50883
2026-05-21 05:15:50,35.1,99.675,65.1,1359.90021
2026-05-21 05:16:40,35.0,99.661,62.8,-12.79329
2026-05-21 05:17:30,35.0,99.67,63.3,293.53704
2026-05-21 05:18:20,35.0,99.665,66.1,1395.29993
2026-05-21 05:19:10,35.0,99.672,63.9,-12.8801
2026-05-21 05:20:00,35.1,99.673,67.3,1454.29308
2026-05-21 05:20:50,35.0,99.671,65.5,-10.70341
2026-05-21 05:21:40,35.1,99.672,66.3,1855.75018
2026-05-21 05:22:30,35.1,99.661,65.2,1480.39475
2026-05-21 05:23:20,35.1,99.665,64.7,23.789
2026-05-21 05:24:10,35.1,99.671,66.1,-5.08996
2026-05-21 05:25:00,35.0,99.676,64.3,-5.17859
2026-05-21 05:25:50,35.0,99.662,66.9,-7.35256
2026-05-21 05:26:40,35.0,99.677,66.1,1393.22924
2026-05-21 05:27:30,35.0,99.675,66.0,-12.78256
2026-05-21 05:28:20,35.1,99.67,66.6,-12.65429
2026-05-21 05:29:10,35.0,99.658,66.2,176.16219
2026-05-21 05:30:00,35.1,99.675,63.3,1551.68746
2026-05-21 05:30:50,35.0,99.67,63.7,-4.67552
2026-05-21 05:31:40,35.0,99.668,64.1,1444.96745
2026-05-21 05:32:30,35.1,99.673,66.6,-9.91061
2026-05-21 05:33:20,35.0,99.668,65.2,1734.438
2026-05-21 05:34:10,35.1,99.667,63.4,1366.03742
2026-05-21 05:35:00,35.0,99.66,66.5,1535.62961
2026-05-21 05:35:50,35.0,99.669,65.3,1652.68765
2026-05-21 05:36:40,35.0,99.671,67.7,-9.62519
2026-05-21 05:37:30,35.1,99.672,65.3,-14.26339
2026-05-21 05:38:20,35.0,99.671,64.5,1711.4747
2026-05-21 05:39:10,34.9,99.663,64.3,-4.86222
2026-05-21 05:40:00,35.0,99.665,65.7,-8.6534
2026-05-21 05:40:50,35.0,99.668,65.5,1826.87325
2026-05-21 05:41:40,35.0,99.661,66.6,-12.68358
2026-05-21 05:42:30,35.1,99.667,64.9,-9.3362
2026-05-21 05:43:20,35.0,99.672,64.3,1504.72615
2026-05-21 05:44:10,35.0,99.66,67.4,1614.87522
2026-05-21 05:45:00,35.1,99.674,66.0,150.51591
2026-05-21 05:45:50,35.0,99.672,64.1,443.9188
2026-05-21 05:46:40,35.1,99.674,63.6,1867.88961
2026-05-21 05:47:30,35.1,99.669,66.6,10.40365
2026-05-21 05:48:20,35.1,99.666,64.9,-14.55143
2026-05-21 05:49:10,35.0,99.66,66.6,1811.68665
2026-05-21 05:50:00,35.0,99.662,65.9,1769.77943
2026-05-21 05:50:50,35.0,99.673,66.3,1731.51107
2026-05-21 05:51:40,35.0,99.67,64.5,-10.96128
2026-05-21 05:52:30,35.1,99.667,66.0,-14.56426
2026-05-21 05:53:20,35.1,99.664,65.4,-8.89886
2026-05-21 05:54:10,35.0,99.666,66.1,-13.76871
2026-05-21 05:55:00,35.0,99.663,64.4,1673.55081
2026-05-21 05:55:50,35.1,99.67,64.9,1642.9053
2026-05-21 05:56:40,35.1,99.67,66.9,104.4276
2026-05-21 05:57:30,35.0,99.665,64.3,-3.40984
2026-05-21 05:58:20,35.0,99.66,66.0,-11.89496
2026-05-21 05:59:10,35.0,99.669,62.5,-11.36357
2026-05-21 06:00:00,35.1,99.67,63.4,-9.25798
2026-05-21 06:00:50,34.9,99.67,66.6,1496.52868
2026-05-21 06:01:40,35.1,99.667,67.0,1936.72939
2026-05-21 06:02:30,35.0,99.666,65.3,-12.7931
2026-05-21 06:03:20,35.0,99.662,65.6,1807.88362
2026-05-21 06:04:10,35.1,99.674,63.7,1410.32937
2026-05-21 06:05:00,35.0,99.675,65.2,1741.13852
2026-05-21 06:05:50,35.0,99.674,64.3,140.93643
2026-05-21 06:06:40,35.1,99.677,67.1,-6.57595
2026-05-21 06:07:30,35.0,99.67,67.7,-12.84508
2026-05-21 06:08:20,35.0,99.664,63.3,-10.32901
2026-05-21 06:09:10,35.0,99.666,66.7,-4.79542
2026-05-21 06:10:00,35.0,99.662,66.4,-13.72776
2026-05-21 06:10:50,35.1,99.675,67.0,-5.94922
2026-05-21 06:11:40,35.0,99.656,66.7,274.8396
2026-05-21 06:12:30,35.0,99.668,63.9,-14.15992
2026-05-21 06:13:20,35.0,99.664,64.4,-4.98791
2026-05-21 06:14:10,35.0,99.67,64.6,-6.8054
2026-05-21 06:15:00,35.0,99.656,64.4,1939.72029
2026-05-21 06:15:50,35.0,99.672,63.7,205.48256
2026-05-21 06:16:40,35.0,99.676,64.1,1599.96002
2026-05-21 06:17:30,35.0,99.67,63.5,1606.78837
2026-05-21 06:18:20,35.0,99.667,65.4,1931.77962
2026-05-21 06:19:10,35.0,99.667,64.9,1767.10539
2026-05-21 06:20:00,35.0,99.667,65.0,-3.04901
2026-05-21 06:20:50,35.0,99.668,64.8,-2.85153
2026-05-21 06:21:40,35.0,99.668,66.2,1587.5333
2026-05-21 06:22:30,35.1,99.672,65.7,-7.11427
2026-05-21 06:23:20,35.0,99.66,64.7,-9.44882
2026-05-21 06:24:10,35.0,99.678,66.3,1603.27183
2026-05-21 06:25:00,35.0,99.674,64.1,-3.60762
2026-05-21 06:25:50,35.0,99.666,65.0,1783.65913
2026-05-21 06:26:40,35.1,99.677,65.2,-9.14713
2026-05-21 06:27:30,35.0,99.661,63.3,-14.69217
2026-05-21 06:28:20,34.9,99.671,64.5,-3.34476
2026-05-21 06:29:10,35.0,99.659,66.3,-4.00398
2026-05-21 06:30:00,34.9,99.662,65.6,1588.11037
2026-05-21 06:30:50,35.0,99.67,66.1,-4.21527
2026-05-21 06:31:40,35.1,99.676,64.2,-14.10045
2026-05-21 06:32:30,34.9,99.658,64.3,1556.29425
2026-05-21 06:33:20,35.0,99.667,64.1,-11.75142
2026-05-21 06:34:10,35.0,99.669,66.6,-7.06241
2026-05-21 06:35:00,35.1,99.663,65.4,1432.49866
2026-05-21 06:35:50,35.0,99.663,66.4,-3.30131
2026-05-21 06:36:40,35.1,99.673,67.3,-8.00155
2026-05-21 06:37:30,35.0,99.671,64.6,1831.81916
2026-05-21 06:38:20,35.0,99.661,64.7,1425.44654
2026-05-21 06:39:10,35.0,99.669,65.2,1353.4642
2026-05-21 06:40:00,35.0,99.671,66.0,1595.79434
2026-05-21 06:40:50,35.0,99.667,66.0,-7.59467
2026-05-21 06:41:40,35.0,99.677,65.7,-8.05902
2026-05-21 06:42:30,35.0,99.66,63.8,1933.03437
2026-05-21 06:43:20,35.0,99.678,67.0,1619.58062
2026-05-21 06:44:10,35.1,99.673,65.4,1356.54311
2026-05-21 06:45:00,35.0,99.661,65.1,58.48992
2026-05-21 06:45:50,35.1,99.67,65.9,-10.63936
2026-05-21 06:46:40,35.1,99.668,65.2,1849.27669
2026-05-21 06:47:30,35.0,99.659,65.9,-6.41607
2026-05-21 06:48:20,35.0,99.666,63.8,206.06434
2026-05-21 06:49:10,35.0,99.662,64.6,1931.62768
2026-05-21 06:50:00,35.0,99.672,63.4,1676.48115
2026-05-21 06:50:50,35.0,99.663,67.1,1916.1613
2026-05-21 06:51:40,34.9,99.668,67.3,194.7387
2026-05-21 06:52:30,35.0,99.666,64.1,-14.31746
2026-05-21 06:53:20,35.0,99.668,64.9,1831.30102
2026-05-21 06:54:10,34.9,99.672,65.4,1602.87915
2026-05-21 06:55:00,35.0,99.668,66.0,1448.50432
2026-05-21 06:55:50,35.0,99.673,64.2,-10.32889
2026-05-21 06:56:40,35.0,99.672,63.4,1920.93695
2026-05-21 06:57:30,35.0,99.67,66.9,-2.7495
2026-05-21 06:58:20,35.0,99.668,67.9,1839.89863
2026-05-21 06:59:10,35.0,99.672,66.5,1702.40853
2026-05-21 07:00:00,35.0,99.669,66.1,-3.70315
2026-05-21 07:00:50,35.0,99.669,66.0,-4.88779
2026-05-21 07:01:40,35.1,99.666,63.9,1617.67144
2026-05-21 07:02:30,35.1,99.668,64.4,-12.04783
2026-05-21 07:03:20,35.0,99.656,66.1,1915.38421
2026-05-21 07:04:10,35.0,99.658,65.8,298.37659
2026-05-21 07:05:00,35.1,99.672,65.1,1774.40518
2026-05-21 07:05:50,35.1,99.66,64.4,1840.59331
2026-05-21 07:06:40,35.0,99.661,64.3,163.33823
2026-05-21 07:07:30,35.0,99.667,64.8,1562.60427
2026-05-21 07:08:20,35.0,99.674,63.6,1527.648
2026-05-21 07:09:10,35.0,99.665,64.3,-6.37369
2026-05-21 07:10:00,35.1,99.667,65.2,1565.05336
2026-05-21 07:10:50,35.0,99.673,63.9,-9.80401
2026-05-21 07:11:40,35.1,99.664,64.5,-10.98315
2026-05-21 07:12:30,35.0,99.676,66.0,1838.18336
2026-05-21 07:13:20,35.0,99.665,64.7,-7.33671
2026-05-21 07:14:10,35.0,99.667,66.4,1515.5417
2026-05-21 07:15:00,35.0,99.662,63.7,-5.24136
2026-05-21 07:15:50,35.0,99.671,64.0,1611.65143
2026-05-21 07:16:40,35.0,99.67,64.4,-10.28775
2026-05-21 07:17:30,35.0,99.67,63.2,1402.45958
2026-05-21 07:18:20,35.0,99.675,65.2,124.04984
2026-05-21 07:19:10,35.1,99.671,65.1,1436.1314
2026-05-21 07:20:00,35.0,99.669,64.8,-5.10559
2026-05-21 07:20:50,35.0,99.664,68.4,-3.39659
2026-05-21 07:21:40,35.0,99.669,66.4,-4.21105
2026-05-21 07:22:30,35.0,99.664,65.2,1671.37299
2026-05-21 07:23:20,35.0,99.664,65.1,72.93312
2026-05-21 07:24:10,35.0,99.664,65.7,-3.87025
2026-05-21 07:25:00,35.0,99.674,63.8,392.41663
2026-05-21 07:25:50,35.0,99.667,64.0,-14.03793
2026-05-21 07:26:40,35.0,99.663,64.9,1646.41213
2026-05-21 07:27:30,35.1,99.662,66.6,1590.97907
2026-05-21 07:28:20,35.0,99.665,64.3,-8.56214
2026-05-21 07:29:10,35.1,99.68,65.8,1934.81357
2026-05-21 07:30:00,35.0,99.673,64.1,1520.57733
2026-05-21 07:30:50,35.1,99.67,63.5,-8.35403
2026-05-21 07:31:40,35.0,99.667,64.6,1590.1143
2026-05-21 07:32:30,35.0,99.666,65.6,1431.97183
2026-05-21 07:33:20,35.0,99.659,64.3,-10.78526
2026-05-21 07:34:10,35.0,99.668,64.3,-14.52237
2026-05-21 07:35:00,35.0,99.661,63.7,1473.54102
2026-05-21 07:35:50,35.1,99.668,64.6,1615.32372
2026-05-21 07:36:40,35.1,99.67,65.6,1874.12914
2026-05-21 07:37:30,35.0,99.669,65.5,-9.36333
2026-05-21 07:38:20,35.0,99.671,65.0,1657.61517
2026-05-21 07:39:10,35.0,99.661,65.6,1557.73065
2026-05-21 07:40:00,35.0,99.657,65.9,-5.29061
2026-05-21 07:40:50,35.1,99.671,66.5,365.54359
2026-05-21 07:41:40,35.0,99.667,63.8,1767.63457
2026-05-21 07:42:30,35.0,99.664,65.6,1820.48338
2026-05-21 07:43:20,35.1,99.664,64.6,-13.77728
2026-05-21 07:44:10,35.1,99.67,64.6,1883.73381
2026-05-21 07:45:00,35.0,99.667,62.9,-12.15884
2026-05-21 07:45:50,34.9,99.668,64.7,-10.34542
2026-05-21 07:46:40,35.0,99.682,64.8,1693.22957
2026-05-21 07:47:30,35.1,99.673,65.2,1701.28938
2026-05-21 07:48:20,35.0,99.678,66.1,-11.24776
2026-05-21 07:49:10,35.1,99.667,64.5,-6.55718
2026-05-21 07:50:00,35.0,99.672,66.2,1443.33901
2026-05-21 07:50:50,35.0,99.675,65.8,-14.65607
2026-05-21 07:51:40,35.0,99.669,65.3,1604.62341
2026-05-21 07:52:30,35.0,99.674,64.7,-10.85332
2026-05-21 07:53:20,35.1,99.673,64.6,1717.32708
2026-05-21 07:54:10,34.9,99.668,65.2,-9.32565
2026-05-21 07:55:00,35.0,99.67,63.9,-11.71623
2026-05-21 07:55:50,35.0,99.672,65.4,-10.56189
2026-05-21 07:56:40,35.0,99.675,65.6,120.17461
2026-05-21 07:57:30,35.0,99.671,67.9,-6.26973
2026-05-21 07:58:20,35.0,99.67,64.3,1387.7314
2026-05-21 07:59:10,35.0,99.668,64.6,1650.93491
2026-05-21 08:00:00,35.0,99.677,63.8,-5.24704
2026-05-21 08:00:50,35.0,99.672,64.6,-3.71159
2026-05-21 08:01:40,35.0,99.666,66.2,1521.37207
2026-05-21 08:02:30,35.0,99.673,66.9,-8.17978
2026-05-21 08:03:20,35.1,99.666,65.3,-10.45593
2026-05-21 08:04:10,35.0,99.674,64.5,-7.97256
2026-05-21 08:05:00,35.0,99.668,65.4,-11.74468
2026-05-21 08:05:50,35.0,99.676,65.1,1381.17842
2026-05-21 08:06:40,35.0,99.669,66.1,-9.87825
2026-05-21 08:07:30,35.1,99.667,65.5,1469.25733
2026-05-21 08:08:20,35.0,99.678,63.0,-10.02183
2026-05-21 08:09:10,35.0,99.662,63.9,1749.46615
2026-05-21 08:10:00,35.0,99.665,67.6,-2.88298
2026-05-21 08:10:50,35.0,99.669,65.3,1403.56146
2026-05-21 08:11:40,35.1,99.661,66.2,1374.83962
2026-05-21 08:12:30,35.1,99.669,64.9,-9.68888
2026-05-21 08:13:20,35.0,99.661,65.3,1633.58674
2026-05-21 08:14:10,35.0,99.665,64.6,351.77811
2026-05-21 08:15:00,35.0,99.67,64.8,1678.58852
2026-05-21 08:15:50,35.1,99.669,65.2,-11.6355
2026-05-21 08:16:40,35.1,99.669,64.4,-9.69615
2026-05-21 08:17:30,35.0,99.662,65.0,-9.6213
2026-05-21 08:18:20,35.1,99.67,66.5,292.04117
2026-05-21 08:19:10,35.0,99.664,65.7,-5.66158
2026-05-21 08:20:00,35.0,99.664,65.4,1616.41813
2026-05-21 08:20:50,35.0,99.666,66.2,-12.33973
2026-05-21 08:21:40,35.0,99.667,63.6,-5.88605
2026-05-21 08:22:30,35.0,99.668,65.5,1521.97322
2026-05-21 08:23:20,35.1,99.676,65.6,-10.16342
2026-05-21 08:24:10,35.1,99.667,66.7,1907.07608
2026-05-21 08:25:00,35.0,99.662,66.3,1371.73782
2026-05-21 08:25:50,35.0,99.67,62.6,-7.69369
2026-05-21 08:26:40,35.0,99.663,63.4,1388.13847
2026-05-21 08:27:30,35.0,99.663,66.6,1635.57656
2026-05-21 08:28:20,35.0,99.669,64.8,369.83957
2026-05-21 08:29:10,35.0,99.663,67.4,358.56803
2026-05-21 08:30:00,35.0,99.666,65.9,-3.91426
2026-05-21 08:30:50,35.1,99.665,66.1,-4.46525
2026-05-21 08:31:40,35.0,99.665,63.4,1507.8135
2026-05-21 08:32:30,35.0,99.669,63.9,341.03488
2026-05-21 08:33:20,35.0,99.66,63.9,1425.74321
2026-05-21 08:34:10,35.0,99.662,65.1,-9.6511
2026-05-21 08:35:00,35.0,99.669,65.5,-10.11311
2026-05-21 08:35:50,35.0,99.661,65.9,1572.47557
2026-05-21 08:36:40,35.0,99.662,65.3,-13.08958
2026-05-21 08:37:30,35.0,99.671,65.5,-13.98202
2026-05-21 08:38:20,35.0,99.669,67.8,120.00041
2026-05-21 08:39:10,35.0,99.66,65.9,1722.84431
2026-05-21 08:40:00,35.1,99.668,65.1,-13.72103
2026-05-21 08:40:50,35.0,99.676,65.2,1536.00963
2026-05-21 08:41:40,35.1,99.673,65.2,1488.82498
2026-05-21 08:42:30,35.1,99.672,64.7,1861.47679
2026-05-21 08:43:20,35.0,99.67,66.5,-10.93818
2026-05-21 08:44:10,35.0,99.673,64.5,-13.90579
2026-05-21 08:45:00,35.0,99.66,65.8,-7.88143
2026-05-21 08:45:50,35.0,99.665,64.8,-7.24751
2026-05-21 08:46:40,35.1,99.671,65.5,1724.84279
2026-05-21 08:47:30,35.0,99.665,62.9,-4.93429
2026-05-21 08:48:20,35.0,99.664,65.3,1909.56841
2026-05-21 08:49:10,35.1,99.669,66.9,-3.33834
2026-05-21 08:50:00,34.9,99.671,65.0,159.52301
2026-05-21 08:50:50,35.1,99.669,64.5,-11.96376
2026-05-21 08:51:40,35.1,99.673,65.1,1357.57163
2026-05-21 08:52:30,35.1,99.663,64.2,1765.91391
2026-05-21 08:53:20,35.0,99.668,65.4,-14.71368
2026-05-21 08:54:10,35.0,99.671,65.3,1370.91069
2026-05-21 08:55:00,35.0,99.673,66.1,-11.30584
2026-05-21 08:55:50,35.0,99.667,67.5,1416.33121
2026-05-21 08:56:40,35.1,99.673,65.3,330.45479
2026-05-21 08:57:30,35.0,99.672,65.0,1540.43294
2026-05-21 08:58:20,35.0,99.668,63.9,1380.3213
2026-05-21 08:59:10,35.0,99.666,63.1,-3.13485
2026-05-21 09:00:00,35.0,99.675,66.7,1503.92952
2026-05-21 09:00:50,35.0,99.673,64.7,1802.13732
2026-05-21 09:01:40,35.1,99.673,65.0,-5.0744
2026-05-21 09:02:30,35.0,99.665,65.6,1606.78724
2026-05-21 09:03:20,35.0,99.664,64.6,-7.88933
2026-05-21 09:04:10,35.0,99.671,66.2,-12.83847
2026-05-21 09:05:00,35.1,99.668,66.1,1401.81727
2026-05-21 09:05:50,35.0,99.663,65.3,-13.75279
2026-05-21 09:06:40,35.1,99.661,65.0,1432.89065
2026-05-21 09:07:30,35.0,99.667,61.4,-13.03598
2026-05-21 09:08:20,35.0,99.664,63.1,-8.31005
2026-05-21 09:09:10,35.0,99.674,64.9,-10.55226
2026-05-21 09:10:00,35.0,99.674,64.1,1701.98135
2026-05-21 09:10:50,35.1,99.661,66.5,437.97963
2026-05-21 09:11:40,35.0,99.673,64.4,-9.68338
2026-05-21 09:12:30,35.0,99.674,62.4,-12.16291
2026-05-21 09:13:20,35.0,99.674,66.7,412.81034
2026-05-21 09:14:10,35.0,99.663,64.6,1481.88776
2026-05-21 09:15:00,35.0,99.662,66.5,-3.16098
2026-05-21 09:15:50,35.0,99.669,64.3,-10.97573
2026-05-21 09:16:40,35.0,99.661,65.5,-11.07202
2026-05-21 09:17:30,35.0,99.659,65.0,415.72926
2026-05-21 09:18:20,35.0,99.666,63.5,1565.79599
2026-05-21 09:19:10,35.1,99.675,63.1,-8.10403
2026-05-21 09:20:00,35.0,99.674,64.7,1632.64569
2026-05-21 09:20:50,35.0,99.665,66.2,1772.73241
2026-05-21 09:21:40,35.0,99.667,63.6,-3.81156
2026-05-21 09:22:30,35.0,99.672,64.1,-5.43895
2026-05-21 09:23:20,35.0,99.671,65.8,1574.17595
2026-05-21 09:24:10,35.1,99.674,64.3,-7.88944
2026-05-21 09:25:00,35.0,99.669,65.9,1719.31657
2026-05-21 09:25:50,35.0,99.669,66.2,373.96007
2026-05-21 09:26:40,35.1,99.663,64.6,-7.99384
2026-05-21 09:27:30,35.0,99.668,65.4,1603.65974
2026-05-21 09:28:20,35.0,99.674,65.5,138.54401
2026-05-21 09:29:10,35.1,99.666,64.4,331.21277
2026-05-21 09:30:00,35.1,99.666,64.6,-13.28565
2026-05-21 09:30:50,35.0,99.669,64.7,1535.3094
2026-05-21 09:31:40,35.0,99.674,65.0,75.21556
2026-05-21 09:32:30,35.0,99.667,65.3,1392.51149
2026-05-21 09:33:20,35.0,99.666,64.1,-7.49751
2026-05-21 09:34:10,35.1,99.667,65.0,1424.61972
2026-05-21 09:35:00,35.0,99.665,66.7,-8.59005
2026-05-21 09:35:50,35.1,99.669,65.3,-2.73733
2026-05-21 09:36:40,35.1,99.673,64.1,-9.173
2026-05-21 09:37:30,35.0,99.662,65.5,1396.79484
2026-05-21 09:38:20,35.0,99.669,65.4,1377.07906
2026-05-21 09:39:10,35.1,99.667,65.7,1638.23809
2026-05-21 09:40:00,35.1,99.665,66.2,-13.83972
2026-05-21 09:40:50,35.0,99.663,64.6,-10.55798
2026-05-21 09:41:40,35.0,99.667,65.6,246.59114
2026-05-21 09:42:30,35.0,99.663,66.5,1768.36122
2026-05-21 09:43:20,35.0,99.67,65.7,402.11388
2026-05-21 09:44:10,35.0,99.672,65.0,1787.39362
2026-05-21 09:45:00,35.1,99.668,67.0,1844.05833
2026-05-21 09:45:50,35.0,99.668,64.0,1860.18085
2026-05-21 09:46:40,35.0,99.669,64.4,1862.18927
2026-05-21 09:47:30,35.0,99.67,65.5,-6.80504
2026-05-21 09:48:20,35.0,99.661,67.0,1359.63846
2026-05-21 09:49:10,34.9,99.666,63.1,-5.52997
2026-05-21 09:50:00,35.1,99.674,65.7,1370.21282
2026-05-21 09:50:50,35.0,99.668,63.4,417.00734
2026-05-21 09:51:40,35.0,99.674,65.2,222.53227
2026-05-21 09:52:30,35.1,99.665,65.9,1850.65085
2026-05-21 09:53:20,35.0,99.672,64.6,1544.01251
2026-05-21 09:54:10,35.1,99.663,65.8,-6.7165
2026-05-21 09:55:00,35.0,99.673,64.5,-3.09517
2026-05-21 09:55:50,35.1,99.673,65.3,-12.19994
2026-05-21 09:56:40,35.0,99.673,66.4,-6.63275
2026-05-21 09:57:30,35.0,99.667,65.4,1467.22822
2026-05-21 09:58:20,35.1,99.67,65.7,290.46271
2026-05-21 09:59:10,35.0,99.674,65.7,-8.69678
2026-05-21 10:00:00,35.0,99.67,64.2,-8.27269
2026-05-21 10:00:50,35.0,99.672,66.1,1468.74246
2026-05-21 10:01:40,35.0,99.672,64.1,-13.2052
2026-05-21 10:02:30,35.0,99.657,65.4,-4.22104
2026-05-21 10:03:20,35.0,99.661,65.0,-8.92141
2026-05-21 10:04:10,35.0,99.674,66.0,-10.79627
2026-05-21 10:05:00,35.0,99.666,64.4,1932.575
2026-05-21 10:05:50,35.0,99.656,65.1,-6.57687
2026-05-21 10:06:40,35.0,99.666,65.0,54.19902
2026-05-21 10:07:30,35.0,99.664,65.1,-12.8745
2026-05-21 10:08:20,35.0,99.659,65.5,-12.09331
2026-05-21 10:09:10,35.0,99.677,66.1,-9.21108
2026-05-21 10:10:00,35.0,99.671,66.7,-9.0176
2026-05-21 10:10:50,35.0,99.662,65.2,1543.61324
2026-05-21 10:11:40,35.1,99.661,64.3,1535.61482
2026-05-21 10:12:30,35.0,99.67,65.4,1880.3736
2026-05-21 10:13:20,35.0,99.666,64.2,288.96709
2026-05-21 10:14:10,35.0,99.67,66.0,-8.45337
2026-05-21 10:15:00,35.0,99.668,63.7,230.54076
2026-05-21 10:15:50,35.0,99.67,66.7,1927.47318
2026-05-21 10:16:40,35.0,99.664,63.7,-5.02159
2026-05-21 10:17:30,35.0,99.669,65.3,1741.20736
2026-05-21 10:18:20,35.0,99.666,68.0,-4.68136
2026-05-21 10:19:10,35.0,99.669,63.2,339.89934
2026-05-21 10:20:00,35.0,99.667,63.7,-4.91892
2026-05-21 10:20:50,35.0,99.668,63.7,1600.38379
2026-05-21 10:21:40,35.0,99.663,65.1,1398.29966
2026-05-21 10:22:30,35.0,99.674,64.7,1652.09269
2026-05-21 10:23:20,35.0,99.665,65.8,230.58087
2026-05-21 10:24:10,35.0,99.659,66.1,1566.23452
2026-05-21 10:25:00,35.0,99.673,64.4,76.03541
2026-05-21 10:25:50,35.0,99.673,64.5,1893.30511
2026-05-21 10:26:40,35.0,99.669,65.2,-12.85297
2026-05-21 10:27:30,35.0,99.665,65.7,1498.21472
2026-05-21 10:28:20,35.0,99.66,62.1,1738.54966
2026-05-21 10:29:10,35.1,99.669,64.8,1702.69218
2026-05-21 10:30:00,35.0,99.668,65.2,1895.94247
2026-05-21 10:30:50,35.0,99.673,65.2,220.48851
2026-05-21 10:31:40,35.0,99.671,66.8,1768.43619
2026-05-21 10:32:30,35.0,99.667,64.0,1701.68908
2026-05-21 10:33:20,35.0,99.664,65.2,-2.50263
2026-05-21 10:34:10,35.0,99.676,66.3,1395.0727
2026-05-21 10:35:00,35.0,99.662,66.5,1557.45251
2026-05-21 10:35:50,35.0,99.67,66.2,1693.45933
2026-05-21 10:36:40,35.0,99.671,63.1,1603.07774
2026-05-21 10:37:30,35.0,99.668,66.4,1931.31588
2026-05-21 10:38:20,35.0,99.659,65.7,-10.3418
2026-05-21 10:39:10,35.1,99.668,65.0,109.77333
2026-05-21 10:40:00,35.0,99.665,66.2,-10.04828
2026-05-21 10:40:50,35.0,99.662,64.8,1607.31659
2026-05-21 10:41:40,35.1,99.667,65.8,1604.69366
2026-05-21 10:42:30,35.1,99.659,64.1,1830.92298
2026-05-21 10:43:20,35.1,99.672,64.5,383.95645
2026-05-21 10:44:10,34.9,99.672,66.2,1513.77305
2026-05-21 10:45:00,35.1,99.662,63.8,1465.28984
2026-05-21 10:45:50,35.1,99.669,64.4,-9.46264
2026-05-21 10:46:40,35.0,99.666,66.5,1656.24786
2026-05-21 10:47:30,35.0,99.672,65.4,-2.70774
2026-05-21 10:48:20,35.0,99.668,64.1,-12.1945
2026-05-21 10:49:10,34.9,99.664,65.4,1699.31649
2026-05-21 10:50:00,35.1,99.662,65.3,-12.93316
2026-05-21 10:50:50,35.1,99.675,65.8,1786.54456
2026-05-21 10:51:40,35.0,99.679,64.7,1817.24261
2026-05-21 10:52:30,35.0,99.667,66.0,-2.5466
2026-05-21 10:53:20,35.1,99.669,65.9,-4.84304
2026-05-21 10:54:10,35.0,99.668,65.4,-9.9474
2026-05-21 10:55:00,35.0,99.664,63.9,-8.75448
2026-05-21 10:55:50,35.0,99.668,66.6,1838.80468
2026-05-21 10:56:40,35.0,99.671,66.6,-2.74979
2026-05-21 10:57:30,35.0,99.675,66.5,-13.56818
2026-05-21 10:58:20,35.0,99.672,64.6,1684.48402
2026-05-21 10:59:10,35.0,99.663,64.8,108.29578
2026-05-21 11:00:00,35.1,99.669,65.4,93.94617
2026-05-21 11:00:50,35.0,99.666,65.4,-13.39235
2026-05-21 11:01:40,35.1,99.679,64.9,1428.11198
2026-05-21 11:02:30,35.0,99.669,65.0,-11.68677
2026-05-21 11:03:20,35.0,99.666,63.2,1648.25263
2026-05-21 11:04:10,35.0,99.668,66.6,1380.33079
2026-05-21 11:05:00,35.0,99.668,64.7,1426.46484
2026-05-21 11:05:50,35.0,99.662,66.7,1625.74125
2026-05-21 11:06:40,35.0,99.663,62.8,1538.80317
2026-05-21 11:07:30,35.0,99.67,63.9,-11.66152
2026-05-21 11:08:20,34.9,99.669,65.0,1462.45956
2026-05-21 11:09:10,35.0,99.678,66.3,245.87302
2026-05-21 11:10:00,35.0,99.661,65.7,-8.02424
2026-05-21 11:10:50,35.0,99.669,66.5,-2.69706
2026-05-21 11:11:40,35.0,99.668,67.4,-4.77896
2026-05-21 11:12:30,35.1,99.663,67.2,1683.49867
2026-05-21 11:13:20,35.0,99.671,64.2,-2.78291
2026-05-21 11:14:10,35.0,99.673,66.5,-6.42425
2026-05-21 11:15:00,35.0,99.667,66.8,1436.44686
2026-05-21 11:15:50,35.0,99.668,65.0,-3.74781
2026-05-21 11:16:40,35.1,99.671,65.5,-7.03103
2026-05-21 11:17:30,35.1,99.67,65.3,-5.71526
2026-05-21 11:18:20,35.0,99.671,66.1,1764.68985
2026-05-21 11:19:10,35.1,99.676,66.5,1785.74988
2026-05-21 11:20:00,35.0,99.675,64.9,-10.78588
2026-05-21 11:20:50,35.0,99.67,65.4,-6.72089
2026-05-21 11:21:40,34.9,99.664,64.8,1398.90774
2026-05-21 11:22:30,35.1,99.674,66.7,1515.35703
2026-05-21 11:23:20,35.0,99.665,65.2,-13.50223
2026-05-21 11:24:10,35.0,99.664,66.1,1703.15482
2026-05-21 11:25:00,35.0,99.661,64.5,-8.11647
2026-05-21 11:25:50,35.0,99.664,66.3,1656.70314
2026-05-21 11:26:40,35.0,99.675,65.3,-13.57247
2026-05-21 11:27:30,35.0,99.669,64.5,405.13061
2026-05-21 11:28:20,35.0,99.668,65.6,157.32174
2026-05-21 11:29:10,35.0,99.658,63.7,-12.43876
2026-05-21 11:30:00,35.0,99.664,67.0,-11.81884
2026-05-21 11:30:50,35.1,99.659,66.0,374.79981
2026-05-21 11:31:40,35.0,99.675,64.3,1696.42487
2026-05-21 11:32:30,35.0,99.671,63.9,-6.87075
2026-05-21 11:33:20,35.0,99.674,65.5,1803.61411
2026-05-21 11:34:10,35.1,99.674,65.5,435.03415
2026-05-21 11:35:00,35.1,99.669,64.2,-9.83661
2026-05-21 11:35:50,35.0,99.672,65.2,-10.69069
2026-05-21 11:36:40,35.0,99.66,64.9,-9.70377
2026-05-21 11:37:30,35.0,99.667,65.3,-10.08996
2026-05-21 11:38:20,35.1,99.659,63.1,422.63962
2026-05-21 11:39:10,35.0,99.67,65.4,-3.55344
2026-05-21 11:40:00,35.0,99.667,66.5,186.24876
2026-05-21 11:40:50,35.0,99.666,66.2,45.76914
2026-05-21 11:41:40,35.1,99.668,65.8,1624.52647
2026-05-21 11:42:30,35.0,99.668,66.2,-8.30015
2026-05-21 11:43:20,35.1,99.666,65.1,-9.5797
2026-05-21 11:44:10,35.0,99.67,63.7,-6.40788
2026-05-21 11:45:00,35.0,99.677,66.3,1647.4107
2026-05-21 11:45:50,35.1,99.662,62.7,1700.37009
2026-05-21 11:46:40,35.1,99.667,65.5,1796.06613
2026-05-21 11:47:30,35.0,99.663,66.0,1530.29601
2026-05-21 11:48:20,35.0,99.667,64.6,-10.4297
2026-05-21 11:49:10,35.1,99.669,64.9,1366.66548
2026-05-21 11:50:00,35.0,99.667,64.6,1679.84852
2026-05-21 11:50:50,35.1,99.664,66.2,-13.35056
2026-05-21 11:51:40,35.1,99.665,65.8,-7.38914
2026-05-21 11:52:30,35.0,99.67,65.9,-5.13106
2026-05-21 11:53:20,35.0,99.661,66.3,-5.21602
2026-05-21 11:54:10,35.0,99.676,65.5,1751.92657
2026-05-21 11:55:00,35.0,99.673,65.8,-6.97747
2026-05-21 11:55:50,35.0,99.674,65.0,1693.53561
2026-05-21 11:56:40,35.0,99.67,63.9,1814.00247
2026-05-21 11:57:30,35.1,99.668,63.4,302.20933
2026-05-21 11:58:20,35.1,99.676,66.2,-8.93674
2026-05-21 11:59:10,35.0,99.668,64.1,-6.86147
2026-05-21 12:00:00,35.0,99.667,64.0,1465.98839
2026-05-21 12:00:50,35.0,99.671,63.9,-11.73362
2026-05-21 12:01:40,35.0,99.659,64.4,-2.99906
2026-05-21 12:02:30,35.0,99.668,64.6,1389.76872
2026-05-21 12:03:20,35.0,99.676,65.7,1506.69528
2026-05-21 12:04:10,34.9,99.66,64.9,-10.30657
2026-05-21 12:05:00,35.1,99.669,65.3,1534.47579
2026-05-21 12:05:50,35.0,99.674,65.4,1803.74774
2026-05-21 12:06:40,35.0,99.672,65.7,-12.65119
2026-05-21 12:07:30,35.1,99.667,65.3,-11.25292
2026-05-21 12:08:20,35.1,99.674,64.9,1708.47732
2026-05-21 12:09:10,35.0,99.66,65.1,-10.88965
2026-05-21 12:10:00,35.0,99.665,63.3,-8.22771
2026-05-21 12:10:50,35.0,99.663,64.9,1831.64762
2026-05-21 12:11:40,35.0,99.663,66.0,-5.40092
2026-05-21 12:12:30,35.0,99.667,63.9,1485.12991
2026-05-21 12:13:20,35.0,99.662,66.6,-14.21489
2026-05-21 12:14:10,35.1,99.669,66.1,399.36824
2026-05-21 12:15:00,35.0,99.667,63.1,-12.00345
2026-05-21 12:15:50,35.0,99.67,65.4,1504.48619
2026-05-21 12:16:40,35.1,99.664,65.3,-14.39666
2026-05-21 12:17:30,34.9,99.666,65.9,-9.16265
2026-05-21 12:18:20,35.0,99.658,66.5,-9.57761
2026-05-21 12:19:10,35.0,99.672,66.2,1815.53657
2026-05-21 12:20:00,35.0,99.664,67.6,-7.83917
2026-05-21 12:20:50,35.0,99.67,65.5,1391.46218
2026-05-21 12:21:40,35.0,99.668,68.2,1487.77723
2026-05-21 12:22:30,35.0,99.67,66.4,-8.60985
2026-05-21 12:23:20,35.1,99.668,64.3,-2.50489
2026-05-21 12:24:10,35.0,99.669,67.4,1598.49002
2026-05-21 12:25:00,35.0,99.659,65.0,-7.02783
2026-05-21 12:25:50,35.0,99.665,66.3,-11.9419
2026-05-21 12:26:40,35.0,99.665,63.8,1470.9268
2026-05-21 12:27:30,35.1,99.667,64.7,1365.02848
2026-05-21 12:28:20,35.0,99.669,66.0,1456.89815
2026-05-21 12:29:10,35.0,99.664,64.2,1388.6115
2026-05-21 12:30:00,35.0,99.672,65.1,284.41914
2026-05-21 12:30:50,35.1,99.67,65.7,1530.79943
2026-05-21 12:31:40,35.0,99.67,64.9,-6.99949
2026-05-21 12:32:30,35.0,99.664,64.4,-13.88785
2026-05-21 12:33:20,35.0,99.681,62.8,-12.46565
2026-05-21 12:34:10,35.0,99.666,63.7,-12.51786
2026-05-21 12:35:00,35.0,99.662,64.2,-14.24259
2026-05-21 12:35:50,35.0,99.664,66.0,35.74558
2026-05-21 12:36:40,35.1,99.662,63.9,1511.02725
2026-05-21 12:37:30,35.0,99.673,65.8,327.14063
2026-05-21 12:38:20,35.1,99.674,65.6,-12.23381
2026-05-21 12:39:10,35.0,99.674,65.3,1660.41532
2026-05-21 12:40:00,35.1,99.666,66.0,-5.27782
2026-05-21 12:40:50,35.1,99.666,65.8,1772.26834
2026-05-21 12:41:40,35.1,99.658,62.0,-9.04277
2026-05-21 12:42:30,35.1,99.67,66.0,1494.74151
2026-05-21 12:43:20,35.0,99.668,63.1,1824.49146
2026-05-21 12:44:10,35.0,99.673,65.8,-11.47152
2026-05-21 12:45:00,35.0,99.685,64.1,1468.19992
2026-05-21 12:45:50,35.0,99.664,65.4,1798.42765
2026-05-21 12:46:40,35.1,99.668,65.9,1835.39545
2026-05-21 12:47:30,35.0,99.672,67.6,1660.25433
2026-05-21 12:48:20,35.1,99.676,63.6,1786.68048
2026-05-21 12:49:10,35.0,99.67,67.1,-11.91796
2026-05-21 12:50:00,35.0,99.669,66.0,58.91118
2026-05-21 12:50:50,35.0,99.666,66.4,1778.73029
2026-05-21 12:51:40,35.0,99.657,64.5,225.80536
2026-05-21 12:52:30,35.1,99.656,64.8,1808.71107
2026-05-21 12:53:20,35.0,99.669,66.7,-2.9651
2026-05-21 12:54:10,35.1,99.663,65.2,1744.22684
2026-05-21 12:55:00,35.0,99.662,65.1,-13.44457
2026-05-21 12:55:50,35.0,99.661,64.4,-5.32428
2026-05-21 12:56:40,35.0,99.675,63.9,-8.7247
2026-05-21 12:57:30,35.0,99.666,64.3,1723.17944
2026-05-21 12:58:20,35.0,99.668,66.1,-5.1284
2026-05-21 12:59:10,35.0,99.663,67.0,1591.45495
2026-05-21 13:00:00,35.1,99.677,65.3,1857.27171
2026-05-21 13:00:50,35.1,99.655,63.4,-14.1825
2026-05-21 13:01:40,35.1,99.672,66.1,1454.35007
2026-05-21 13:02:30,35.0,99.67,67.7,1631.76298
2026-05-21 13:03:20,35.0,99.663,66.2,1877.18744
2026-05-21 13:04:10,35.1,99.663,64.8,196.42051
2026-05-21 13:05:00,35.1,99.668,65.9,-14.11821
2026-05-21 13:05:50,35.0,99.676,66.0,-7.70002
2026-05-21 13:06:40,35.0,99.673,65.2,-3.02613
2026-05-21 13:07:30,35.0,99.673,64.7,119.63388
2026-05-21 13:08:20,35.0,99.669,64.3,1685.29114
2026-05-21 13:09:10,35.0,99.673,63.3,389.30521
2026-05-21 13:10:00,35.0,99.668,64.8,1538.85592
2026-05-21 13:10:50,35.1,99.664,65.2,109.38107
2026-05-21 13:11:40,35.0,99.672,65.5,320.68518
2026-05-21 13:12:30,35.0,99.672,67.1,-6.00796
2026-05-21 13:13:20,35.0,99.664,63.8,1545.99384
2026-05-21 13:14:10,35.0,99.662,65.5,-10.91842
2026-05-21 13:15:00,35.0,99.676,65.1,-7.7548
2026-05-21 13:15:50,35.1,99.661,66.8,-3.23163
2026-05-21 13:16:40,35.0,99.659,67.4,1753.15972
2026-05-21 13:17:30,35.0,99.655,65.7,-10.98789
2026-05-21 13:18:20,35.0,99.671,65.9,-9.18549
2026-05-21 13:19:10,35.0,99.668,66.4,1399.5839
2026-05-21 13:20:00,35.1,99.664,67.2,-10.15151
2026-05-21 13:20:50,35.1,99.67,64.2,158.08841
2026-05-21 13:21:40,35.0,99.669,64.9,-10.58085
2026-05-21 13:22:30,35.0,99.667,64.5,1527.69103
2026-05-21 13:23:20,35.0,99.668,64.4,-8.43502
2026-05-21 13:24:10,35.0,99.671,64.0,-6.49918
2026-05-21 13:25:00,35.0,99.669,63.4,75.5116
2026-05-21 13:25:50,35.0,99.663,65.4,-9.53471
2026-05-21 13:26:40,35.0,99.66,66.9,-6.14205
2026-05-21 13:27:30,35.1,99.671,63.7,199.79124
2026-05-21 13:28:20,35.0,99.672,65.3,-9.02437
2026-05-21 13:29:10,35.0,99.673,63.3,-5.594
2026-05-21 13:30:00,35.0,99.668,64.4,1556.79514
2026-05-21 13:30:50,35.0,99.668,65.8,-7.68191
2026-05-21 13:31:40,35.0,99.665,65.6,1737.36665
2026-05-21 13:32:30,35.0,99.656,66.9,1665.46279
2026-05-21 13:33:20,35.1,99.668,65.7,1417.78285
2026-05-21 13:34:10,35.0,99.658,64.0,-3.71826
2026-05-21 13:35:00,35.0,99.671,65.5,-9.139
2026-05-21 13:35:50,35.0,99.669,64.0,-5.83784
2026-05-21 13:36:40,35.0,99.661,64.7,-11.94578
2026-05-21 13:37:30,35.0,99.669,67.3,-12.86684
2026-05-21 13:38:20,35.0,99.671,63.7,-11.85031
2026-05-21 13:39:10,35.0,99.668,66.8,1921.24847
2026-05-21 13:40:00,35.0,99.659,64.4,-5.6588
2026-05-21 13:40:50,35.1,99.667,65.9,122.78875
2026-05-21 13:41:40,35.0,99.662,66.0,-14.13707
2026-05-21 13:42:30,35.0,99.673,65.1,-4.80473
2026-05-21 13:43:20,35.0,99.671,67.1,1415.48907
2026-05-21 13:44:10,35.1,99.679,67.0,-12.87079
2026-05-21 13:45:00,35.0,99.67,64.0,-11.09909
2026-05-21 13:45:50,35.0,99.664,66.0,-9.29595
2026-05-21 13:46:40,35.0,99.664,67.5,1604.4004
2026-05-21 13:47:30,35.1,99.675,66.1,-13.05449
2026-05-21 13:48:20,35.0,99.667,64.7,1627.35753
2026-05-21 13:49:10,35.0,99.67,66.1,1906.29406
2026-05-21 13:50:00,35.0,99.672,65.0,1407.91888
2026-05-21 13:50:50,35.1,99.658,65.3,-9.09611
2026-05-21 13:51:40,35.0,99.664,67.2,-11.24211
2026-05-21 13:52:30,35.1,99.661,65.9,1410.7578
2026-05-21 13:53:20,35.0,99.667,64.7,-9.07217
2026-05-21 13:54:10,35.0,99.668,65.4,-13.8306
2026-05-21 13:55:00,35.0,99.683,66.4,-9.9352
2026-05-21 13:55:50,35.1,99.666,65.0,1371.62719
2026-05-21 13:56:40,35.0,99.667,65.0,422.04947
2026-05-21 13:57:30,35.0,99.668,65.2,-2.988
2026-05-21 13:58:20,35.0,99.67,65.0,1478.52774
2026-05-21 13:59:10,35.0,99.667,64.9,-3.87387
2026-05-21 14:00:00,35.0,99.674,65.1,-13.46514
2026-05-21 14:00:50,35.1,99.669,65.6,151.86077
2026-05-21 14:01:40,35.1,99.676,64.1,432.02039
2026-05-21 14:02:30,35.1,99.671,65.3,1740.8494
2026-05-21 14:03:20,35.0,99.673,66.2,-3.2036
2026-05-21 14:04:10,35.0,99.667,65.7,238.01131
2026-05-21 14:05:00,35.0,99.667,66.4,1542.34456
2026-05-21 14:05:50,35.1,99.671,66.7,270.77259
2026-05-21 14:06:40,35.1,99.668,64.8,-6.96026
2026-05-21 14:07:30,35.0,99.661,67.9,1444.28981
2026-05-21 14:08:20,35.0,99.673,67.0,-3.33287
2026-05-21 14:09:10,35.0,99.668,64.8,-13.84711
2026-05-21 14:10:00,35.0,99.669,65.4,1731.41616
2026-05-21 14:10:50,35.0,99.673,65.5,-4.7345
2026-05-21 14:11:40,35.1,99.676,66.8,-13.12123
2026-05-21 14:12:30,35.1,99.671,64.4,1820.25269
2026-05-21 14:13:20,35.0,99.668,64.9,1690.41099
2026-05-21 14:14:10,35.0,99.67,64.7,1566.34364
2026-05-21 14:15:00,35.0,99.668,66.9,-4.14189
2026-05-21 14:15:50,35.0,99.669,64.2,-8.13111
2026-05-21 14:16:40,35.0,99.673,66.3,1542.06282
2026-05-21 14:17:30,35.1,99.67,63.1,247.95523
2026-05-21 14:18:20,35.0,99.666,64.6,325.39442
2026-05-21 14:19:10,35.0,99.67,66.2,1619.67928
2026-05-21 14:20:00,35.0,99.676,65.8,267.96912
2026-05-21 14:20:50,35.0,99.671,63.9,-13.3
2026-05-21 14:21:40,35.0,99.661,63.3,182.77638
2026-05-21 14:22:30,35.0,99.66,65.9,98.1835
2026-05-21 14:23:20,35.0,99.665,65.8,-8.57945
2026-05-21 14:24:10,35.0,99.673,63.8,-13.00326
2026-05-21 14:25:00,35.1,99.663,64.4,-11.48484
2026-05-21 14:25:50,35.1,99.672,65.1,1760.8153
2026-05-21 14:26:40,35.0,99.67,63.9,-7.79423
2026-05-21 14:27:30,35.0,99.667,63.3,1732.62961
2026-05-21 14:28:20,34.9,99.667,63.6,435.25766
2026-05-21 14:29:10,35.0,99.664,65.2,-3.48901
2026-05-21 14:30:00,35.0,99.665,65.2,1832.00424
2026-05-21 14:30:50,35.1,99.678,66.0,1571.76158
2026-05-21 14:31:40,35.0,99.663,65.9,-10.28289
2026-05-21 14:32:30,35.0,99.665,64.5,1671.20973
2026-05-21 14:33:20,35.1,99.67,66.3,-4.64843
2026-05-21 14:34:10,35.0,99.663,64.2,208.51781
2026-05-21 14:35:00,34.9,99.667,65.8,1678.61299
2026-05-21 14:35:50,35.0,99.666,66.1,61.92532
2026-05-21 14:36:40,35.0,99.669,65.8,1699.97615
2026-05-21 14:37:30,35.1,99.672,64.8,-6.67072
2026-05-21 14:38:20,35.0,99.664,66.3,-13.69873
2026-05-21 14:39:10,34.9,99.672,65.1,1360.41385
2026-05-21 14:40:00,35.0,99.662,66.3,1600.2268
2026-05-21 14:40:50,35.0,99.675,64.8,-10.49451
2026-05-21 14:41:40,35.0,99.663,65.3,-8.3444
2026-05-21 14:42:30,35.0,99.67,64.3,1617.51713
2026-05-21 14:43:20,35.0,99.669,64.8,230.00273
2026-05-21 14:44:10,35.0,99.671,65.2,-11.41936
2026-05-21 14:45:00,35.0,99.675,64.5,-4.2485
2026-05-21 14:45:50,35.0,99.665,64.4,-8.48921
2026-05-21 14:46:40,35.0,99.668,65.7,1908.24616
2026-05-21 14:47:30,35.1,99.678,66.9,1538.2904
2026-05-21 14:48:20,35.1,99.667,67.0,-5.39312
2026-05-21 14:49:10,35.0,99.669,65.2,343.4547
2026-05-21 14:50:00,35.0,99.665,66.1,-6.67219
2026-05-21 14:50:50,35.0,99.669,66.3,-13.28001
2026-05-21 14:51:40,35.1,99.667,64.1,50.00567
2026-05-21 14:52:30,35.0,99.67,65.7,1406.25539
2026-05-21 14:53:20,35.0,99.668,65.8,-7.72977
2026-05-21 14:54:10,35.0,99.678,67.1,-9.14927
2026-05-21 14:55:00,35.0,99.666,66.5,1355.60933
2026-05-21 14:55:50,35.0,99.67,66.1,1884.7421
2026-05-21 14:56:40,35.0,99.663,63.2,1911.38911
2026-05-21 14:57:30,35.0,99.662,66.2,1387.60382
2026-05-21 14:58:20,35.0,99.655,66.2,1364.71462
2026-05-21 14:59:10,35.0,99.668,66.6,-5.26497
2026-05-21 15:00:00,35.1,99.662,65.1,-13.81362
2026-05-21 15:00:50,35.0,99.669,65.9,444.06442
2026-05-21 15:01:40,35.1,99.669,66.1,1364.76144
2026-05-21 15:02:30,35.0,99.666,65.5,1679.54367
2026-05-21 15:03:20,35.1,99.666,65.4,1429.52887
2026-05-21 15:04:10,35.0,99.664,64.3,-14.25265
2026-05-21 15:05:00,35.0,99.671,64.7,-13.79285
2026-05-21 15:05:50,35.0,99.669,68.1,-6.38923
2026-05-21 15:06:40,35.0,99.662,64.1,-14.74612
2026-05-21 15:07:30,35.0,99.666,65.5,-7.76425
2026-05-21 15:08:20,35.1,99.668,65.5,-14.71444
2026-05-21 15:09:10,35.0,99.665,65.1,446.91894
2026-05-21 15:10:00,35.1,99.674,65.7,-9.20205
2026-05-21 15:10:50,35.0,99.673,67.0,-13.95443
2026-05-21 15:11:40,35.1,99.661,66.0,-11.22829
2026-05-21 15:12:30,35.0,99.678,64.2,1932.6545
2026-05-21 15:13:20,35.0,99.668,66.2,-5.97498
2026-05-21 15:14:10,35.0,99.665,63.6,1932.27291
2026-05-21 15:15:00,35.0,99.663,67.0,-3.86341
2026-05-21 15:15:50,35.0,99.672,65.8,1810.36893
2026-05-21 15:16:40,35.0,99.673,66.3,388.27523
2026-05-21 15:17:30,35.0,99.672,64.0,-12.62858
2026-05-21 15:18:20,35.1,99.659,63.2,1478.25591
2026-05-21 15:19:10,35.0,99.669,65.6,1917.67292
2026-05-21 15:20:00,35.0,99.677,65.1,1648.63278
2026-05-21 15:20:50,35.0,99.661,65.3,1611.16209
2026-05-21 15:21:40,35.0,99.667,64.4,1771.49064
2026-05-21 15:22:30,34.9,99.672,65.3,368.40777
2026-05-21 15:23:20,35.0,99.683,65.1,1777.50261
2026-05-21 15:24:10,35.0,99.671,63.9,1471.35383
2026-05-21 15:25:00,35.0,99.667,65.3,394.13006
2026-05-21 15:25:50,35.0,99.669,66.8,1576.62628
2026-05-21 15:26:40,35.0,99.661,65.0,170.47297
2026-05-21 15:27:30,35.0,99.67,66.4,145.16288
2026-05-21 15:28:20,35.0,99.672,63.8,1931.95389
2026-05-21 15:29:10,34.9,99.664,64.0,148.66632
2026-05-21 15:30:00,35.0,99.669,65.8,1759.15347
2026-05-21 15:30:50,35.0,99.668,64.7,1576.27547
2026-05-21 15:31:40,35.0,99.658,65.8,428.86597
2026-05-21 15:32:30,35.1,99.669,63.6,1413.76307
2026-05-21 15:33:20,35.0,99.668,66.5,1659.28465
2026-05-21 15:34:10,35.0,99.67,65.7,1838.53634
2026-05-21 15:35:00,35.1,99.663,64.9,-5.46065
2026-05-21 15:35:50,35.0,99.672,65.7,-3.27066
2026-05-21 15:36:40,35.1,99.665,64.4,1637.29751
2026-05-21 15:37:30,35.0,99.669,64.5,1768.85474
2026-05-21 15:38:20,35.0,99.67,64.2,158.50947
2026-05-21 15:39:10,35.0,99.667,63.1,-13.4445
2026-05-21 15:40:00,35.0,99.67,64.2,1494.82798
2026-05-21 15:40:50,35.0,99.672,64.8,1604.65272
2026-05-21 15:41:40,35.0,99.662,65.4,1431.00332
2026-05-21 15:42:30,35.0,99.666,66.3,1800.37731
2026-05-21 15:43:20,35.0,99.662,65.7,1795.03409
2026-05-21 15:44:10,35.0,99.665,64.9,-10.09981
2026-05-21 15:45:00,35.0,99.668,65.6,119.89411
2026-05-21 15:45:50,35.1,99.657,68.1,100.65603
2026-05-21 15:46:40,35.0,99.664,66.9,41.28787
2026-05-21 15:47:30,35.1,99.668,65.9,-10.8772
2026-05-21 15:48:20,35.1,99.661,65.0,1784.11251
2026-05-21 15:49:10,35.1,99.674,65.4,-3.01456
2026-05-21 15:50:00,35.0,99.671,67.7,1728.598
2026-05-21 15:50:50,35.0,99.658,64.7,-6.43345
2026-05-21 15:51:40,35.0,99.661,65.4,1366.07526
2026-05-21 15:52:30,35.0,99.672,65.0,-11.48064
2026-05-21 15:53:20,35.0,99.669,64.1,-6.93633
2026-05-21 15:54:10,35.1,99.674,65.1,-13.83071
2026-05-21 15:55:00,35.0,99.663,65.5,-3.54144
2026-05-21 15:55:50,35.1,99.666,64.9,1373.15463
2026-05-21 15:56:40,35.0,99.672,66.2,1786.58714
2026-05-21 15:57:30,35.0,99.673,66.1,-10.69534
2026-05-21 15:58:20,35.0,99.668,63.1,1736.87047
2026-05-21 15:59:10,35.0,99.672,64.8,1611.09917
2026-05-21 16:00:00,35.0,99.667,65.2,286.94072
2026-05-21 16:00:50,35.1,99.669,66.6,1767.98006
2026-05-21 16:01:40,35.0,99.67,65.0,1622.88779
2026-05-21 16:02:30,35.0,99.677,65.4,1445.30772
2026-05-21 16:03:20,35.0,99.664,65.9,1827.83983
2026-05-21 16:04:10,35.0,99.668,65.1,67.03906
2026-05-21 16:05:00,35.1,99.652,64.7,-6.29155
2026-05-21 16:05:50,35.0,99.664,67.0,-3.40749
2026-05-21 16:06:40,35.0,99.669,65.1,-4.1516
2026-05-21 16:07:30,34.9,99.664,66.2,1488.11217
2026-05-21 16:08:20,35.0,99.677,66.2,-13.92621
2026-05-21 16:09:10,35.0,99.663,64.0,10.68195
2026-05-21 16:10:00,35.0,99.663,66.0,1902.53197
2026-05-21 16:10:50,35.0,99.662,65.5,434.33379
2026-05-21 16:11:40,35.0,99.668,63.0,-6.43021
2026-05-21 16:12:30,35.0,99.667,66.7,1513.91947
2026-05-21 16:13:20,35.0,99.671,64.8,184.33669
2026-05-21 16:14:10,35.0,99.666,65.7,1814.22293
2026-05-21 16:15:00,35.1,99.673,65.0,-5.26971
2026-05-21 16:15:50,35.0,99.673,65.7,-5.71874
2026-05-21 16:16:40,35.0,99.66,65.6,-8.2368
2026-05-21 16:17:30,35.0,99.671,65.1,-9.18483
2026-05-21 16:18:20,35.0,99.665,65.9,-5.87275
2026-05-21 16:19:10,35.1,99.673,65.5,1912.5943
2026-05-21 16:20:00,35.0,99.671,64.4,-7.01523
2026-05-21 16:20:50,35.0,99.676,65.7,1931.19384
2026-05-21 16:21:40,35.0,99.664,64.4,1905.60913
2026-05-21 16:22:30,35.1,99.672,65.5,1650.59474
2026-05-21 16:23:20,35.0,99.674,64.7,-12.77535
2026-05-21 16:24:10,35.0,99.657,66.2,-14.65146
2026-05-21 16:25:00,35.1,99.679,63.1,-10.13846
2026-05-21 16:25:50,35.0,99.663,65.0,1650.64913
2026-05-21 16:26:40,34.9,99.67,65.9,-9.62351
2026-05-21 16:27:30,35.0,99.663,65.0,-7.47209
2026-05-21 16:28:20,35.0,99.657,65.8,-11.41874
2026-05-21 16:29:10,35.0,99.665,63.8,1609.9299
2026-05-21 16:30:00,35.0,99.667,64.7,240.8248
2026-05-21 16:30:50,35.1,99.671,64.8,1847.35598
2026-05-21 16:31:40,35.1,99.663,65.4,1748.63371
2026-05-21 16:32:30,35.0,99.679,64.8,1567.93189
2026-05-21 16:33:20,35.0,99.677,63.5,-14.46884
2026-05-21 16:34:10,35.0,99.667,64.2,1879.41342
2026-05-21 16:35:00,34.9,99.662,62.6,-3.67009
2026-05-21 16:35:50,35.0,99.672,63.3,-11.69702
2026-05-21 16:36:40,35.1,99.666,64.2,1923.57679
2026-05-21 16:37:30,35.0,99.666,64.8,-3.43876
2026-05-21 16:38:20,35.0,99.665,66.1,1688.29274
2026-05-21 16:39:10,35.0,99.666,64.2,-4.48085
2026-05-21 16:40:00,35.1,99.685,64.2,-12.85384
2026-05-21 16:40:50,35.0,99.669,65.1,1849.49421
2026-05-21 16:41:40,35.0,99.67,66.7,-13.59633
2026-05-21 16:42:30,35.0,99.674,65.6,1593.56807
2026-05-21 16:43:20,35.0,99.665,65.4,-8.9992
2026-05-21 16:44:10,35.1,99.672,66.8,1847.97366
2026-05-21 16:45:00,35.0,99.666,66.0,1808.01873
2026-05-21 16:45:50,35.0,99.665,66.4,-5.50604
2026-05-21 16:46:40,35.1,99.663,65.3,1902.29668
2026-05-21 16:47:30,35.0,99.654,64.2,1739.69521
2026-05-21 16:48:20,35.1,99.669,65.0,1555.06387
2026-05-21 16:49:10,35.1,99.666,64.7,1521.92426
2026-05-21 16:50:00,35.1,99.67,64.9,132.41735
2026-05-21 16:50:50,35.0,99.661,66.1,-7.51738
2026-05-21 16:51:40,35.0,99.67,64.3,1856.87728
2026-05-21 16:52:30,35.0,99.675,64.3,327.70881
2026-05-21 16:53:20,35.0,99.668,63.7,125.55437
2026-05-21 16:54:10,35.0,99.668,65.5,410.32234
2026-05-21 16:55:00,35.0,99.662,66.1,-9.38037
2026-05-21 16:55:50,35.0,99.665,63.1,-6.03613
2026-05-21 16:56:40,35.0,99.663,66.8,1900.45626
2026-05-21 16:57:30,35.0,99.667,64.5,-10.7531
2026-05-21 16:58:20,35.0,99.671,66.5,1920.03138
2026-05-21 16:59:10,35.0,99.661,64.4,-10.95427
2026-05-21 17:00:00,35.1,99.665,63.5,1575.00165
2026-05-21 17:00:50,35.0,99.668,63.9,-10.35668
2026-05-21 17:01:40,35.0,99.673,64.0,-13.9504
2026-05-21 17:02:30,35.0,99.675,65.1,-14.54536
2026-05-21 17:03:20,35.0,99.672,67.3,381.53927
2026-05-21 17:04:10,35.0,99.687,63.8,1627.42146
2026-05-21 17:05:00,35.0,99.669,65.5,1864.04385
2026-05-21 17:05:50,35.0,99.665,65.0,-13.07986
2026-05-21 17:06:40,35.0,99.668,65.7,-10.35706
2026-05-21 17:07:30,35.0,99.665,64.6,-10.8708
2026-05-21 17:08:20,35.1,99.663,66.0,1549.14046
2026-05-21 17:09:10,35.0,99.67,65.3,1813.77869
2026-05-21 17:10:00,35.0,99.667,65.2,1788.04169
2026-05-21 17:10:50,34.9,99.665,64.7,1462.07988
2026-05-21 17:11:40,35.1,99.669,62.4,1758.06524
2026-05-21 17:12:30,35.0,99.667,66.4,1397.2829
2026-05-21 17:13:20,35.0,99.677,65.3,-3.37558
2026-05-21 17:14:10,35.1,99.67,66.0,1664.2685
2026-05-21 17:15:00,35.1,99.668,65.6,1575.624
2026-05-21 17:15:50,35.0,99.667,63.8,-8.02502
2026-05-21 17:16:40,35.0,99.663,63.0,-4.98353
2026-05-21 17:17:30,35.0,99.673,66.7,1905.11472
2026-05-21 17:18:20,35.0,99.658,64.4,1530.55369
2026-05-21 17:19:10,35.0,99.671,67.1,-4.40268
2026-05-21 17:20:00,35.0,99.666,65.9,-11.84322
2026-05-21 17:20:50,35.0,99.67,65.6,-4.75753
2026-05-21 17:21:40,35.0,99.669,63.8,-11.29206
2026-05-21 17:22:30,35.0,99.665,65.5,1695.95735
2026-05-21 17:23:20,34.9,99.666,64.8,207.90841
2026-05-21 17:24:10,35.1,99.675,64.7,361.39752
2026-05-21 17:25:00,35.0,99.667,66.2,-11.44367
2026-05-21 17:25:50,35.1,99.665,62.7,1813.75288
2026-05-21 17:26:40,35.0,99.678,66.4,-4.34028
2026-05-21 17:27:30,35.1,99.671,64.2,313.75714
2026-05-21 17:28:20,35.0,99.668,64.3,1828.53783
2026-05-21 17:29:10,35.0,99.67,66.9,-13.85961
2026-05-21 17:30:00,35.1,99.671,65.8,-10.00938
2026-05-21 17:30:50,35.1,99.675,65.9,-9.27329
2026-05-21 17:31:40,35.0,99.667,65.2,112.12613
2026-05-21 17:32:30,35.0,99.667,65.8,-11.77089
2026-05-21 17:33:20,35.0,99.666,66.1,117.32378
2026-05-21 17:34:10,35.0,99.665,65.0,1354.30308
2026-05-21 17:35:00,35.0,99.666,66.5,1751.4564
2026-05-21 17:35:50,35.0,99.67,65.7,1391.11144
2026-05-21 17:36:40,35.0,99.678,64.1,1534.46658
2026-05-21 17:37:30,35.0,99.667,65.2,1670.55537
2026-05-21 17:38:20,35.0,99.668,66.0,1816.04835
2026-05-21 17:39:10,35.0,99.672,66.3,1814.34518
2026-05-21 17:40:00,35.0,99.67,63.4,435.28763
2026-05-21 17:40:50,35.0,99.667,66.3,305.8592
2026-05-21 17:41:40,35.1,99.671,63.1,-8.95396
2026-05-21 17:42:30,35.0,99.664,65.5,-6.86412
2026-05-21 17:43:20,35.0,99.668,64.8,1758.74347
2026-05-21 17:44:10,35.0,99.669,64.2,-9.61381
2026-05-21 17:45:00,35.0,99.664,65.4,-6.62723
2026-05-21 17:45:50,35.0,99.67,64.0,401.26564
2026-05-21 17:46:40,35.0,99.676,65.4,-4.93126
2026-05-21 17:47:30,35.0,99.668,65.0,431.99226
2026-05-21 17:48:20,35.0,99.674,66.7,-3.40812
2026-05-21 17:49:10,35.1,99.664,65.0,88.83074
2026-05-21 17:50:00,35.0,99.668,64.2,1804.55843
2026-05-21 17:50:50,35.0,99.664,66.3,-3.81879
2026-05-21 17:51:40,35.0,99.668,66.0,1600.59382
2026-05-21 17:52:30,35.0,99.672,63.2,1352.27481
2026-05-21 17:53:20,35.0,99.675,65.1,1761.17011
2026-05-21 17:54:10,35.0,99.667,68.0,-13.4175
2026-05-21 17:55:00,35.0,99.667,67.4,120.19544
2026-05-21 17:55:50,35.1,99.674,65.3,1531.59068
2026-05-21 17:56:40,35.0,99.678,65.7,-4.23679
2026-05-21 17:57:30,35.1,99.665,66.2,90.07446
2026-05-21 17:58:20,35.0,99.668,65.8,1591.00166
2026-05-21 17:59:10,35.0,99.672,65.1,1671.71457
2026-05-21 18:00:00,35.0,99.67,66.3,-13.68123
2026-05-21 18:00:50,35.0,99.666,63.1,-9.47731
2026-05-21 18:01:40,35.0,99.678,67.1,1871.42121
2026-05-21 18:02:30,35.0,99.668,66.6,-4.37174
2026-05-21 18:03:20,35.0,99.662,65.9,-12.67251
2026-05-21 18:04:10,35.0,99.672,64.0,93.28006
2026-05-21 18:05:00,35.1,99.664,66.1,-7.01791
2026-05-21 18:05:50,35.0,99.676,66.3,-5.54151
2026-05-21 18:06:40,35.0,99.668,64.4,-3.09765
2026-05-21 18:07:30,35.0,99.663,65.2,-6.93739
2026-05-21 18:08:20,35.0,99.659,67.1,1595.0575
2026-05-21 18:09:10,34.9,99.676,65.2,-5.00467
2026-05-21 18:10:00,34.9,99.67,63.8,1652.76745
2026-05-21 18:10:50,35.0,99.654,66.4,-9.51891
2026-05-21 18:11:40,35.1,99.661,64.9,-3.82484
2026-05-21 18:12:30,35.0,99.661,65.2,1446.78374
2026-05-21 18:13:20,35.0,99.673,66.4,-9.49261
2026-05-21 18:14:10,35.0,99.663,66.8,1682.97431
2026-05-21 18:15:00,35.0,99.661,65.6,-11.1029
2026-05-21 18:15:50,35.0,99.667,67.0,1453.99269
2026-05-21 18:16:40,35.1,99.671,65.5,394.89938
2026-05-21 18:17:30,35.1,99.665,66.9,390.66341
2026-05-21 18:18:20,35.1,99.662,65.7,1913.16291
2026-05-21 18:19:10,35.1,99.668,67.0,-12.97759
2026-05-21 18:20:00,35.0,99.673,64.9,1783.29646
2026-05-21 18:20:50,35.0,99.663,65.8,-11.19271
2026-05-21 18:21:40,35.0,99.675,63.8,1772.24097
2026-05-21 18:22:30,35.1,99.676,62.6,312.37377
2026-05-21 18:23:20,35.0,99.664,64.9,-11.67607
2026-05-21 18:24:10,35.0,99.67,66.0,-6.77868
2026-05-21 18:25:00,35.2,99.673,65.0,-4.37553
2026-05-21 18:25:50,35.0,99.671,67.6,1531.75646
2026-05-21 18:26:40,35.0,99.668,64.5,-14.57294
2026-05-21 18:27:30,35.1,99.669,66.0,1794.0389
2026-05-21 18:28:20,35.0,99.675,65.7,366.57904
2026-05-21 18:29:10,34.9,99.672,65.0,-3.1436
2026-05-21 18:30:00,35.0,99.674,62.1,-2.59087
2026-05-21 18:30:50,35.1,99.668,66.0,-10.74101
2026-05-21 18:31:40,35.0,99.67,64.4,1398.97557
2026-05-21 18:32:30,35.1,99.665,63.8,205.77663
2026-05-21 18:33:20,35.1,99.673,67.5,1880.86773
2026-05-21 18:34:10,35.0,99.664,64.4,1465.74418
2026-05-21 18:35:00,35.0,99.666,63.0,-12.05087
2026-05-21 18:35:50,35.1,99.66,65.5,1492.61581
2026-05-21 18:36:40,35.0,99.66,66.5,-13.26088
2026-05-21 18:37:30,35.0,99.665,65.9,1660.28151
2026-05-21 18:38:20,35.0,99.666,67.0,-6.18865
2026-05-21 18:39:10,35.0,99.665,63.5,1484.71409
2026-05-21 18:40:00,35.0,99.676,63.8,1499.72912
2026-05-21 18:40:50,35.1,99.668,64.7,-7.26524
2026-05-21 18:41:40,35.1,99.67,64.2,-12.36214
2026-05-21 18:42:30,35.0,99.678,65.8,74.72976
2026-05-21 18:43:20,35.0,99.679,65.2,-12.89137
2026-05-21 18:44:10,35.0,99.667,66.3,1356.49704
2026-05-21 18:45:00,35.1,99.672,64.8,1473.2744
2026-05-21 18:45:50,35.0,99.664,65.2,1476.11316
2026-05-21 18:46:40,35.0,99.666,63.9,142.29095
2026-05-21 18:47:30,35.0,99.675,65.6,-7.34596
2026-05-21 18:48:20,35.1,99.667,66.1,-13.27995
2026-05-21 18:49:10,35.0,99.662,66.2,-10.55243
2026-05-21 18:50:00,35.0,99.672,65.7,-11.16217
2026-05-21 18:50:50,35.1,99.676,64.7,1882.48826
2026-05-21 18:51:40,35.0,99.669,68.3,43.29205
2026-05-21 18:52:30,35.0,99.669,67.1,378.32449
2026-05-21 18:53:20,35.1,99.671,65.4,-14.21001
2026-05-21 18:54:10,35.0,99.67,66.3,-10.9255
2026-05-21 18:55:00,35.0,99.67,67.0,-3.88585
2026-05-21 18:55:50,35.1,99.667,65.2,1861.45593
2026-05-21 18:56:40,35.0,99.664,64.8,1807.07493
2026-05-21 18:57:30,34.9,99.667,64.0,1909.00884
2026-05-21 18:58:20,35.0,99.664,65.5,-10.43276
2026-05-21 18:59:10,35.0,99.66,65.9,-13.79
2026-05-21 19:00:00,35.0,99.67,66.8,-13.45536
2026-05-21 19:00:50,35.0,99.67,63.7,334.28292
2026-05-21 19:01:40,35.0,99.672,64.7,-10.86034
2026-05-21 19:02:30,35.0,99.669,64.5,1531.99721
2026-05-21 19:03:20,35.1,99.668,63.7,-12.00824
2026-05-21 19:04:10,35.0,99.66,65.9,1871.3334
2026-05-21 19:05:00,35.0,99.668,65.7,-7.65888
2026-05-21 19:05:50,35.0,99.682,65.5,-9.84294
2026-05-21 19:06:40,35.0,99.673,64.8,357.77746
2026-05-21 19:07:30,35.0,99.67,65.6,1635.18254
2026-05-21 19:08:20,35.0,99.673,63.0,1834.40254
2026-05-21 19:09:10,34.9,99.666,64.2,-8.16672
2026-05-21 19:10:00,35.0,99.667,67.7,1634.87387
2026-05-21 19:10:50,35.0,99.676,67.5,174.15113
2026-05-21 19:11:40,35.0,99.667,67.0,1601.77994
2026-05-21 19:12:30,35.0,99.675,67.3,442.72702
2026-05-21 19:13:20,35.0,99.66,66.3,-5.0226
2026-05-21 19:14:10,35.0,99.668,64.0,1721.34207
2026-05-21 19:15:00,35.0,99.671,65.7,-13.94665
2026-05-21 19:15:50,35.0,99.657,66.0,1753.79536
2026-05-21 19:16:40,35.0,99.672,63.7,1930.72826
2026-05-21 19:17:30,35.0,99.666,65.1,-14.60509
2026-05-21 19:18:20,35.0,99.677,66.1,1559.28249
2026-05-21 19:19:10,35.0,99.664,66.3,-13.50002
2026-05-21 19:20:00,35.0,99.662,64.3,1424.8521
2026-05-21 19:20:50,35.1,99.668,64.4,1854.73316
2026-05-21 19:21:40,35.0,99.663,64.5,1697.36666
2026-05-21 19:22:30,35.1,99.668,64.2,1695.25409
2026-05-21 19:23:20,35.0,99.676,67.3,81.20859
2026-05-21 19:24:10,35.0,99.666,67.0,1541.63158
2026-05-21 19:25:00,35.0,99.671,64.5,1360.48602
2026-05-21 19:25:50,35.1,99.67,66.8,-7.00889
2026-05-21 19:26:40,35.0,99.667,66.0,1712.94544
2026-05-21 19:27:30,35.0,99.676,63.4,1824.38178
2026-05-21 19:28:20,35.0,99.669,64.8,-12.76932
2026-05-21 19:29:10,35.0,99.669,65.6,-4.10922
2026-05-21 19:30:00,35.0,99.667,66.1,1561.91116
2026-05-21 19:30:50,35.0,99.675,67.4,447.45632
2026-05-21 19:31:40,35.0,99.671,63.7,1909.15327
2026-05-21 19:32:30,35.0,99.67,64.9,1756.34841
2026-05-21 19:33:20,35.0,99.669,66.3,1785.17933
2026-05-21 19:34:10,35.1,99.653,66.0,1928.76613
2026-05-21 19:35:00,35.0,99.668,66.9,-11.5284
2026-05-21 19:35:50,35.0,99.657,65.3,1919.24178
2026-05-21 19:36:40,35.1,99.665,66.6,68.54934
2026-05-21 19:37:30,35.1,99.67,64.0,311.44004
2026-05-21 19:38:20,35.0,99.675,66.2,-12.42982
2026-05-21 19:39:10,35.0,99.667,63.4,-9.16675
2026-05-21 19:40:00,35.0,99.663,66.0,1606.30547
2026-05-21 19:40:50,35.0,99.662,64.5,-3.7746
2026-05-21 19:41:40,35.0,99.662,65.0,-3.44717
2026-05-21 19:42:30,35.1,99.669,65.1,-3.60708
2026-05-21 19:43:20,35.1,99.67,64.5,1798.41386
2026-05-21 19:44:10,35.0,99.67,64.3,1672.42802
2026-05-21 19:45:00,35.0,99.665,66.6,-12.76514
2026-05-21 19:45:50,35.1,99.663,63.6,1523.64094
2026-05-21 19:46:40,35.0,99.672,64.9,-2.99244
2026-05-21 19:47:30,35.0,99.673,66.7,1905.42408
2026-05-21 19:48:20,35.0,99.664,66.7,1726.02273
2026-05-21 19:49:10,35.0,99.662,65.1,1771.11844
2026-05-21 19:50:00,35.0,99.672,63.7,-8.67132
2026-05-21 19:50:50,35.0,99.655,65.9,1765.02063
2026-05-21 19:51:40,35.0,99.669,63.2,-9.52027
2026-05-21 19:52:30,35.0,99.67,66.3,-7.33933
2026-05-21 19:53:20,35.0,99.659,64.0,1507.16736
2026-05-21 19:54:10,35.1,99.674,64.4,1728.00313
2026-05-21 19:55:00,35.0,99.672,65.8,364.50941
2026-05-21 19:55:50,35.1,99.667,65.1,1556.26751
2026-05-21 19:56:40,35.0,99.664,65.4,1806.8861
2026-05-21 19:57:30,35.0,99.674,66.0,1750.7624
2026-05-21 19:58:20,34.9,99.664,65.3,1906.83198
2026-05-21 19:59:10,34.9,99.667,66.4,1563.56167
2026-05-21 20:00:00,35.0,99.663,67.1,1856.62304
2026-05-21 20:00:50,35.0,99.672,66.1,-5.39172
2026-05-21 20:01:40,35.0,99.66,64.3,1533.45059
2026-05-21 20:02:30,35.0,99.663,66.2,1416.55871
2026-05-21 20:03:20,35.0,99.665,65.2,1711.61826
2026-05-21 20:04:10,35.0,99.669,65.0,1665.67902
2026-05-21 20:05:00,35.1,99.667,65.0,-4.91006
2026-05-21 20:05:50,35.0,99.66,65.3,1844.45726
2026-05-21 20:06:40,34.9,99.672,64.5,1366.54112
2026-05-21 20:07:30,35.0,99.669,67.5,-5.83079
2026-05-21 20:08:20,35.0,99.667,63.4,94.19067
2026-05-21 20:09:10,34.9,99.665,65.9,-13.54295
2026-05-21 20:10:00,35.1,99.667,64.3,-2.73546
2026-05-21 20:10:50,35.1,99.668,63.3,1561.35248
2026-05-21 20:11:40,35.1,99.667,66.3,1508.02058
2026-05-21 20:12:30,35.0,99.67,65.5,418.42898
2026-05-21 20:13:20,35.0,99.664,65.6,-13.43407
2026-05-21 20:14:10,35.0,99.672,64.1,1564.24816
2026-05-21 20:15:00,35.0,99.659,66.2,-4.49263
2026-05-21 20:15:50,35.0,99.669,64.3,1374.55559
2026-05-21 20:16:40,35.0,99.667,65.6,93.95951
2026-05-21 20:17:30,35.0,99.674,65.2,-13.19916
2026-05-21 20:18:20,35.1,99.667,65.4,1825.46587
2026-05-21 20:19:10,35.0,99.665,67.1,1493.54326
2026-05-21 20:20:00,35.0,99.662,64.7,176.33029
2026-05-21 20:20:50,35.0,99.672,63.8,-11.96514
2026-05-21 20:21:40,35.0,99.669,66.1,246.04034
2026-05-21 20:22:30,35.0,99.665,65.9,1597.40239
2026-05-21 20:23:20,35.0,99.661,67.3,-10.20521
2026-05-21 20:24:10,35.0,99.67,67.1,-8.49871
2026-05-21 20:25:00,35.0,99.661,64.5,1738.46059
2026-05-21 20:25:50,35.0,99.672,65.2,-13.6663
2026-05-21 20:26:40,35.0,99.67,64.8,1459.59081
2026-05-21 20:27:30,35.0,99.677,67.4,-7.10526
2026-05-21 20:28:20,35.1,99.668,65.9,-4.82182
2026-05-21 20:29:10,35.0,99.665,63.8,1561.56874
2026-05-21 20:30:00,35.0,99.664,65.1,179.99075
2026-05-21 20:30:50,35.0,99.676,64.3,1440.10007
2026-05-21 20:31:40,35.0,99.674,64.2,1619.0004
2026-05-21 20:32:30,35.1,99.658,66.2,-4.92275
2026-05-21 20:33:20,35.0,99.659,65.7,1373.67156
2026-05-21 20:34:10,35.0,99.659,62.7,1791.55337
2026-05-21 20:35:00,35.0,99.671,66.1,-10.72544
2026-05-21 20:35:50,35.0,99.666,64.1,-6.28929
2026-05-21 20:36:40,35.0,99.666,65.9,1622.89658
2026-05-21 20:37:30,35.0,99.672,66.8,-3.66897
2026-05-21 20:38:20,35.0,99.676,68.5,313.37977
2026-05-21 20:39:10,34.9,99.673,66.2,1369.8553
2026-05-21 20:40:00,35.0,99.667,64.5,1586.9987
2026-05-21 20:40:50,35.1,99.669,63.4,113.09828
2026-05-21 20:41:40,35.0,99.654,65.4,1889.92784
2026-05-21 20:42:30,35.0,99.667,64.2,1607.50369
2026-05-21 20:43:20,35.1,99.673,64.9,-3.39995
2026-05-21 20:44:10,35.0,99.667,65.3,-11.99038
2026-05-21 20:45:00,35.0,99.67,65.1,-7.6909
2026-05-21 20:45:50,35.0,99.668,65.3,1524.90829
2026-05-21 20:46:40,34.9,99.671,65.6,-4.45496
2026-05-21 20:47:30,35.0,99.669,64.5,-5.61149
2026-05-21 20:48:20,35.1,99.662,65.4,-11.61581
2026-05-21 20:49:10,35.0,99.657,66.3,1411.6522
2026-05-21 20:50:00,35.1,99.671,65.3,1851.87253
2026-05-21 20:50:50,35.1,99.663,64.7,-9.24728
2026-05-21 20:51:40,35.0,99.669,67.1,1678.45451
2026-05-21 20:52:30,35.0,99.663,65.9,1760.17869
2026-05-21 20:53:20,35.0,99.658,65.9,-3.30794
2026-05-21 20:54:10,35.0,99.66,65.3,-3.00011
2026-05-21 20:55:00,35.0,99.668,63.8,-6.42269
2026-05-21 20:55:50,35.0,99.655,65.6,1494.15356
2026-05-21 20:56:40,35.0,99.67,66.5,386.22424
2026-05-21 20:57:30,35.0,99.676,63.1,-3.94144
2026-05-21 20:58:20,35.0,99.663,65.2,-5.58266
2026-05-21 20:59:10,35.0,99.682,64.1,1365.19456
2026-05-21 21:00:00,35.0,99.667,63.1,-3.85635
2026-05-21 21:00:50,35.1,99.662,64.5,-6.33961
2026-05-21 21:01:40,35.1,99.669,64.3,-13.2865
2026-05-21 21:02:30,35.1,99.673,64.6,-14.48371
2026-05-21 21:03:20,35.0,99.665,66.5,-11.39199
2026-05-21 21:04:10,35.1,99.669,64.5,-12.62173
2026-05-21 21:05:00,35.0,99.672,64.0,-10.16189
2026-05-21 21:05:50,35.0,99.675,65.9,1554.3479
2026-05-21 21:06:40,35.0,99.664,64.5,1518.72367
2026-05-21 21:07:30,35.0,99.665,63.9,381.46552
2026-05-21 21:08:20,35.1,99.662,65.3,1543.61761
2026-05-21 21:09:10,34.9,99.668,66.5,1792.11754
2026-05-21 21:10:00,35.0,99.669,67.3,1522.12806
2026-05-21 21:10:50,35.0,99.671,64.3,1386.2774
2026-05-21 21:11:40,35.0,99.672,67.2,-13.64595
2026-05-21 21:12:30,35.0,99.661,65.9,-5.14496
2026-05-21 21:13:20,35.0,99.669,65.0,-7.34904
2026-05-21 21:14:10,35.0,99.666,66.3,1515.56244
2026-05-21 21:15:00,35.0,99.667,66.2,-4.79072
2026-05-21 21:15:50,35.0,99.67,65.5,223.49606
2026-05-21 21:16:40,35.0,99.668,64.8,36.96195
2026-05-21 21:17:30,35.0,99.669,64.1,-2.76881
2026-05-21 21:18:20,35.0,99.67,65.6,-7.79555
2026-05-21 21:19:10,35.0,99.673,65.7,-6.71323
2026-05-21 21:20:00,34.9,99.667,65.6,1939.95106
2026-05-21 21:20:50,35.1,99.668,66.9,1938.60118
2026-05-21 21:21:40,35.1,99.666,64.7,-12.77487
2026-05-21 21:22:30,35.0,99.672,66.5,1651.66375
2026-05-21 21:23:20,35.0,99.668,64.0,-6.83291
2026-05-21 21:24:10,35.0,99.669,66.6,1641.96857
2026-05-21 21:25:00,35.0,99.671,64.9,1652.52565
2026-05-21 21:25:50,35.0,99.672,65.1,1374.72149
2026-05-21 21:26:40,35.0,99.673,66.0,-7.42526
2026-05-21 21:27:30,35.0,99.671,67.6,1618.84416
2026-05-21 21:28:20,34.9,99.673,65.9,184.15067
2026-05-21 21:29:10,35.1,99.672,64.8,-9.50596
2026-05-21 21:30:00,35.0,99.673,65.8,1579.22711
2026-05-21 21:30:50,35.0,99.661,65.6,1909.76222
2026-05-21 21:31:40,35.0,99.663,66.3,-7.40453
2026-05-21 21:32:30,35.1,99.666,65.4,1421.83717
2026-05-21 21:33:20,35.0,99.671,65.4,-12.52988
2026-05-21 21:34:10,35.0,99.672,64.2,-12.54832
2026-05-21 21:35:00,35.0,99.671,64.3,-3.35928
2026-05-21 21:35:50,35.0,99.68,64.2,364.41294
2026-05-21 21:36:40,35.0,99.669,61.9,350.25023
2026-05-21 21:37:30,35.0,99.668,65.7,1840.42249
2026-05-21 21:38:20,35.0,99.667,65.7,1631.67081
2026-05-21 21:39:10,35.0,99.663,64.6,1894.75156
2026-05-21 21:40:00,35.0,99.677,66.7,-11.85697
2026-05-21 21:40:50,35.0,99.67,66.2,1550.75248
2026-05-21 21:41:40,35.0,99.674,65.2,-11.25023
2026-05-21 21:42:30,35.0,99.668,65.2,1486.82402
2026-05-21 21:43:20,35.0,99.672,65.0,1641.17752
2026-05-21 21:44:10,34.9,99.663,67.0,1515.66311
2026-05-21 21:45:00,35.0,99.669,66.9,247.86843
2026-05-21 21:45:50,35.0,99.673,65.3,381.71255
2026-05-21 21:46:40,35.1,99.673,65.3,424.21332
2026-05-21 21:47:30,35.0,99.672,66.1,-3.58511
2026-05-21 21:48:20,35.0,99.677,62.6,-11.44779
2026-05-21 21:49:10,35.1,99.68,65.2,-4.54884
2026-05-21 21:50:00,35.0,99.68,64.6,92.0722
2026-05-21 21:50:50,35.0,99.666,64.7,1727.43326
2026-05-21 21:51:40,35.0,99.667,64.9,1508.34808
2026-05-21 21:52:30,35.0,99.67,64.8,-8.58545
2026-05-21 21:53:20,35.0,99.66,64.1,387.76227
2026-05-21 21:54:10,35.0,99.67,65.4,-4.22916
2026-05-21 21:55:00,35.0,99.673,63.9,1787.22373
2026-05-21 21:55:50,35.0,99.668,64.5,-12.33286
2026-05-21 21:56:40,35.1,99.661,62.8,-7.96402
2026-05-21 21:57:30,35.0,99.669,63.8,-11.38122
2026-05-21 21:58:20,35.1,99.663,66.0,1535.6878
2026-05-21 21:59:10,35.0,99.664,65.4,1436.90199
2026-05-21 22:00:00,35.1,99.664,65.0,415.10586
2026-05-21 22:00:50,35.0,99.675,64.9,-7.98241
2026-05-21 22:01:40,35.0,99.682,65.4,-7.88783
2026-05-21 22:02:30,35.0,99.656,65.0,1661.95107
2026-05-21 22:03:20,35.0,99.672,64.6,17.49069
2026-05-21 22:04:10,35.0,99.673,64.4,77.60231
2026-05-21 22:05:00,35.0,99.673,65.3,-3.8086
2026-05-21 22:05:50,35.0,99.66,65.5,1716.10359
2026-05-21 22:06:40,35.0,99.666,64.5,16.63072
2026-05-21 22:07:30,35.0,99.67,62.8,160.06473
2026-05-21 22:08:20,35.0,99.663,65.6,1924.85187
2026-05-21 22:09:10,35.0,99.665,64.2,1789.00354
2026-05-21 22:10:00,35.0,99.669,65.0,-3.80497
2026-05-21 22:10:50,35.0,99.67,64.0,-4.49169
2026-05-21 22:11:40,35.0,99.677,65.6,-12.40937
2026-05-21 22:12:30,35.0,99.668,64.8,-7.02226
2026-05-21 22:13:20,35.0,99.66,66.1,-5.04127
2026-05-21 22:14:10,35.0,99.664,64.2,-10.62001
2026-05-21 22:15:00,35.0,99.676,65.7,-6.5819
2026-05-21 22:15:50,35.0,99.666,65.4,1505.72941
2026-05-21 22:16:40,35.1,99.67,65.3,1901.98448
2026-05-21 22:17:30,34.9,99.662,66.9,-9.82797
2026-05-21 22:18:20,35.1,99.67,64.8,1470.1849
2026-05-21 22:19:10,35.0,99.67,66.5,1726.40451
2026-05-21 22:20:00,35.0,99.67,66.7,-8.07261
2026-05-21 22:20:50,35.0,99.671,65.3,1501.82788
2026-05-21 22:21:40,35.0,99.671,64.3,1796.80505
2026-05-21 22:22:30,35.0,99.665,64.4,1611.34189
2026-05-21 22:23:20,35.1,99.669,65.7,1799.13015
2026-05-21 22:24:10,35.1,99.669,63.6,1464.71888
2026-05-21 22:25:00,35.1,99.669,64.4,-9.22235
2026-05-21 22:25:50,35.0,99.674,64.5,-7.07898
2026-05-21 22:26:40,35.0,99.665,64.5,1702.13892
2026-05-21 22:27:30,34.9,99.67,64.5,-4.29193
2026-05-21 22:28:20,35.0,99.672,64.3,1643.51895
2026-05-21 22:29:10,35.0,99.67,65.0,68.33859
2026-05-21 22:30:00,35.1,99.664,66.4,1419.89474
2026-05-21 22:30:50,35.0,99.663,65.9,169.89657
2026-05-21 22:31:40,35.1,99.669,65.8,1728.28159
2026-05-21 22:32:30,35.0,99.672,65.9,-13.96513
2026-05-21 22:33:20,35.0,99.671,64.6,1481.60888
2026-05-21 22:34:10,35.0,99.672,65.9,-6.69749
2026-05-21 22:35:00,35.0,99.657,64.6,1758.82327
2026-05-21 22:35:50,35.0,99.664,64.3,-9.59237
2026-05-21 22:36:40,35.0,99.664,65.8,1356.83844
2026-05-21 22:37:30,35.0,99.674,65.6,1384.73048
2026-05-21 22:38:20,34.9,99.665,65.2,-14.76908
2026-05-21 22:39:10,35.0,99.675,64.7,1671.93924
2026-05-21 22:40:00,35.0,99.67,63.3,-3.91396
2026-05-21 22:40:50,35.1,99.664,64.6,1784.1191
2026-05-21 22:41:40,35.1,99.669,62.0,-5.79381
2026-05-21 22:42:30,34.9,99.665,64.5,-10.27478
2026-05-21 22:43:20,35.1,99.67,63.9,289.05271
2026-05-21 22:44:10,35.1,99.672,65.7,-10.78375
2026-05-21 22:45:00,35.0,99.663,66.1,1665.17998
2026-05-21 22:45:50,34.9,99.665,66.8,142.3403
2026-05-21 22:46:40,35.0,99.674,65.2,-9.01879
2026-05-21 22:47:30,35.0,99.674,65.3,1804.08389
2026-05-21 22:48:20,35.1,99.673,65.3,-8.24605
2026-05-21 22:49:10,35.0,99.667,65.9,1363.19183
2026-05-21 22:50:00,35.0,99.668,66.7,1415.18589
2026-05-21 22:50:50,35.0,99.663,65.9,1680.69637
2026-05-21 22:51:40,35.0,99.673,64.4,-5.30447
2026-05-21 22:52:30,35.0,99.674,65.1,1738.93398
2026-05-21 22:53:20,35.0,99.668,66.5,-10.19814
2026-05-21 22:54:10,35.1,99.659,65.0,1873.82509
2026-05-21 22:55:00,34.9,99.662,64.6,-9.01846
2026-05-21 22:55:50,35.1,99.666,63.5,1540.82756
2026-05-21 22:56:40,35.1,99.668,63.0,33.24011
2026-05-21 22:57:30,35.0,99.674,66.6,-11.81338
2026-05-21 22:58:20,35.0,99.668,67.0,1666.02711
2026-05-21 22:59:10,35.0,99.659,65.4,1480.25534
2026-05-21 23:00:00,35.0,99.668,63.8,390.79172
2026-05-21 23:00:50,35.0,99.665,65.4,1748.86166
2026-05-21 23:01:40,35.1,99.672,63.4,1881.83198
2026-05-21 23:02:30,35.0,99.668,63.9,1830.79335
2026-05-21 23:03:20,35.1,99.67,66.0,1392.87645
2026-05-21 23:04:10,35.0,99.666,64.4,1399.13252
2026-05-21 23:05:00,34.9,99.662,65.8,1753.14132
2026-05-21 23:05:50,35.0,99.665,65.1,-6.17065
2026-05-21 23:06:40,35.0,99.67,64.0,41.83612
2026-05-21 23:07:30,35.1,99.663,64.6,-5.19431
2026-05-21 23:08:20,35.1,99.662,64.3,-6.45922
2026-05-21 23:09:10,35.0,99.667,66.9,1638.0747
2026-05-21 23:10:00,35.0,99.669,64.8,1628.52142
2026-05-21 23:10:50,35.0,99.658,66.9,1643.5182
2026-05-21 23:11:40,35.0,99.662,66.1,93.47443
2026-05-21 23:12:30,35.1,99.662,67.1,1621.53256
2026-05-21 23:13:20,35.0,99.679,64.9,1799.96705
2026-05-21 23:14:10,35.0,99.667,65.6,97.2344
2026-05-21 23:15:00,35.1,99.669,67.7,1892.90113
2026-05-21 23:15:50,35.1,99.666,65.2,1392.37518
2026-05-21 23:16:40,35.0,99.656,66.7,-10.20823
2026-05-21 23:17:30,35.1,99.669,65.7,201.25898
2026-05-21 23:18:20,35.1,99.662,64.8,-8.06603
2026-05-21 23:19:10,35.0,99.678,65.9,1553.81319
2026-05-21 23:20:00,35.0,99.674,65.2,1828.48538
2026-05-21 23:20:50,35.0,99.676,66.9,381.56838
2026-05-21 23:21:40,35.1,99.684,64.2,1365.05781
2026-05-21 23:22:30,35.0,99.664,64.3,-12.06013
2026-05-21 23:23:20,35.1,99.67,65.0,1468.99659
2026-05-21 23:24:10,35.0,99.671,65.8,-13.21941
2026-05-21 23:25:00,34.9,99.67,64.2,307.63254
2026-05-21 23:25:50,35.0,99.675,65.9,-10.21767
2026-05-21 23:26:40,35.0,99.675,65.7,-3.63466
2026-05-21 23:27:30,35.0,99.676,67.7,-11.46112
2026-05-21 23:28:20,35.1,99.659,64.1,-6.58709
2026-05-21 23:29:10,35.0,99.662,65.6,-6.98842
2026-05-21 23:30:00,35.0,99.66,66.0,1785.87672
2026-05-21 23:30:50,35.0,99.662,64.0,-4.72149
2026-05-21 23:31:40,35.0,99.669,64.2,-9.07496
2026-05-21 23:32:30,35.0,99.668,66.8,1677.6898
2026-05-21 23:33:20,35.1,99.664,64.2,1912.52951
2026-05-21 23:34:10,35.0,99.666,66.9,1792.22314
2026-05-21 23:35:00,35.0,99.673,66.6,-11.98507
2026-05-21 23:35:50,35.0,99.657,65.5,1361.5594
2026-05-21 23:36:40,35.0,99.659,64.3,-7.98002
2026-05-21 23:37:30,35.0,99.661,65.3,-7.08998
2026-05-21 23:38:20,34.9,99.667,64.8,1350.82642
2026-05-21 23:39:10,35.1,99.663,66.0,1530.8388
2026-05-21 23:40:00,35.1,99.662,67.1,-4.69699
2026-05-21 23:40:50,35.0,99.67,65.2,1739.23797
2026-05-21 23:41:40,35.0,99.661,65.6,1814.66755
2026-05-21 23:42:30,35.1,99.666,65.9,-4.67145
2026-05-21 23:43:20,35.1,99.676,67.0,-8.83066
2026-05-21 23:44:10,35.0,99.671,66.4,1806.12234
2026-05-21 23:45:00,35.0,99.668,63.7,1411.69982
2026-05-21 23:45:50,35.0,99.672,64.5,-4.38169
2026-05-21 23:46:40,35.0,99.669,65.2,-3.91653
2026-05-21 23:47:30,35.1,99.664,63.6,1757.36699
2026-05-21 23:48:20,35.0,99.66,66.3,-7.01123
2026-05-21 23:49:10,35.0,99.668,66.0,1528.32281
2026-05-21 23:50:00,35.1,99.67,66.1,-11.91812
2026-05-21 23:50:50,35.1,99.669,65.2,1801.30886
2026-05-21 23:51:40,35.0,99.661,65.6,-10.06918
2026-05-21 23:52:30,35.0,99.666,66.0,1424.97111
2026-05-21 23:53:20,35.0,99.673,66.5,1723.5041
2026-05-21 23:54:10,35.1,99.662,65.4,1571.32413
2026-05-21 23:55:00,35.0,99.669,66.4,1598.7489
2026-05-21 23:55:50,35.0,99.67,63.1,1393.87928
2026-05-21 23:56:40,35.0,99.67,66.0,1835.97356
2026-05-21 23:57:30,35.0,99.668,65.6,396.86975
2026-05-21 23:58:20,35.0,99.662,64.6,-13.20801
2026-05-21 23:59:10,35.0,99.664,63.8,1727.34578
2026-05-22 00:00:00,35.0,99.661,64.2,-6.63806
2026-05-22 00:00:50,35.0,99.664,64.8,-12.5787
2026-05-22 00:01:40,35.1,99.662,66.3,-14.76577
2026-05-22 00:02:30,35.0,99.677,66.1,-3.93861
2026-05-22 00:03:20,35.0,99.668,66.6,-13.65888
2026-05-22 00:04:10,35.0,99.664,63.6,1735.57507
2026-05-22 00:05:00,35.0,99.669,65.2,1924.98293
2026-05-22 00:05:50,35.0,99.672,66.4,-6.97694
2026-05-22 00:06:40,35.0,99.667,67.2,1845.42447
2026-05-22 00:07:30,35.1,99.661,66.5,-7.87001
2026-05-22 00:08:20,35.1,99.676,64.4,1447.68965
2026-05-22 00:09:10,35.0,99.672,65.1,1714.78751
2026-05-22 00:10:00,35.0,99.672,65.2,1439.02701
2026-05-22 00:10:50,35.0,99.667,64.9,1679.81524
2026-05-22 00:11:40,35.1,99.672,65.1,-6.03957
2026-05-22 00:12:30,35.1,99.667,65.8,1469.90423
2026-05-22 00:13:20,35.0,99.672,64.5,39.71868
2026-05-22 00:14:10,35.1,99.675,66.0,-14.10417
2026-05-22 00:15:00,35.1,99.664,66.2,-2.95995
2026-05-22 00:15:50,35.0,99.667,65.3,-14.17244
2026-05-22 00:16:40,35.0,99.674,63.8,-3.8546
2026-05-22 00:17:30,35.0,99.663,65.7,47.18645
2026-05-22 00:18:20,35.0,99.678,66.3,-14.18783
2026-05-22 00:19:10,35.1,99.662,63.0,-6.59143
2026-05-22 00:20:00,35.0,99.658,65.2,1703.50514
2026-05-22 00:20:50,35.0,99.669,64.9,-5.67787
2026-05-22 00:21:40,35.0,99.671,65.1,1868.66425
2026-05-22 00:22:30,35.1,99.668,64.5,-8.75217
2026-05-22 00:23:20,35.0,99.675,65.6,1878.74285
2026-05-22 00:24:10,35.1,99.675,64.6,1356.36413
2026-05-22 00:25:00,35.0,99.661,65.6,-9.95381
2026-05-22 00:25:50,35.1,99.663,65.7,-11.39494
2026-05-22 00:26:40,35.0,99.662,67.5,1669.90432
2026-05-22 00:27:30,35.0,99.667,66.8,1639.85944
2026-05-22 00:28:20,35.0,99.67,64.9,1441.74827
2026-05-22 00:29:10,35.0,99.662,66.7,-6.58874
2026-05-22 00:30:00,35.0,99.671,66.1,1795.47642
2026-05-22 00:30:50,35.0,99.668,62.2,86.27479
2026-05-22 00:31:40,35.0,99.666,66.0,1565.35314
2026-05-22 00:32:30,35.1,99.666,65.0,1758.79668
2026-05-22 00:33:20,34.9,99.671,65.1,-14.75825
2026-05-22 00:34:10,35.0,99.674,62.7,1666.90055
2026-05-22 00:35:00,35.0,99.674,66.1,1892.12182
2026-05-22 00:35:50,35.1,99.665,65.0,-8.10134
2026-05-22 00:36:40,35.1,99.668,66.7,-8.86154
2026-05-22 00:37:30,35.0,99.664,64.6,-7.56632
2026-05-22 00:38:20,35.0,99.665,63.8,1447.33301
2026-05-22 00:39:10,35.0,99.668,66.0,80.85049
2026-05-22 00:40:00,35.1,99.671,65.0,1418.07835
2026-05-22 00:40:50,35.1,99.671,64.8,-8.44577
2026-05-22 00:41:40,35.0,99.668,64.1,1934.3966
2026-05-22 00:42:30,35.0,99.672,67.0,1403.96433
2026-05-22 00:43:20,35.1,99.659,66.8,1711.61499
2026-05-22 00:44:10,35.1,99.67,66.6,-6.6783
2026-05-22 00:45:00,35.0,99.661,64.7,-9.53227
2026-05-22 00:45:50,35.1,99.669,64.1,1737.13531
2026-05-22 00:46:40,35.0,99.664,65.1,1375.71405
2026-05-22 00:47:30,35.0,99.67,63.7,1547.71122
2026-05-22 00:48:20,35.0,99.661,63.7,-5.71533
2026-05-22 00:49:10,35.0,99.662,64.5,1424.38985
2026-05-22 00:50:00,35.0,99.674,66.4,1915.06229
2026-05-22 00:50:50,35.0,99.671,64.8,-2.66937
2026-05-22 00:51:40,35.1,99.667,65.2,-12.41923
2026-05-22 00:52:30,35.0,99.679,65.6,1922.74787
2026-05-22 00:53:20,35.1,99.659,66.6,-10.63754
2026-05-22 00:54:10,35.0,99.669,64.9,1544.71361
2026-05-22 00:55:00,35.0,99.672,63.8,181.96309
2026-05-22 00:55:50,35.0,99.673,67.1,366.22352
2026-05-22 00:56:40,35.0,99.669,67.7,-2.67607
2026-05-22 00:57:30,35.0,99.661,64.0,1756.11476
2026-05-22 00:58:20,35.0,99.671,66.6,-13.12934
2026-05-22 00:59:10,35.0,99.671,63.2,-2.77802
2026-05-22 01:00:00,35.1,99.662,65.7,-6.619
2026-05-22 01:00:50,35.0,99.657,64.0,-8.96323
2026-05-22 01:01:40,35.0,99.667,65.7,1732.86526
2026-05-22 01:02:30,35.0,99.664,65.9,124.78143
2026-05-22 01:03:20,35.0,99.663,65.7,-7.87584
2026-05-22 01:04:10,35.0,99.665,65.8,1805.63696
2026-05-22 01:05:00,35.0,99.668,65.8,266.50672
2026-05-22 01:05:50,35.1,99.675,64.8,1451.61233
2026-05-22 01:06:40,35.0,99.669,63.8,-3.92812
2026-05-22 01:07:30,35.1,99.667,65.0,-2.88248
2026-05-22 01:08:20,35.0,99.663,64.5,-3.86326
2026-05-22 01:09:10,35.0,99.664,63.8,1412.78983
2026-05-22 01:10:00,35.0,99.669,65.5,1628.1153
2026-05-22 01:10:50,35.0,99.668,64.3,-12.59373
2026-05-22 01:11:40,35.0,99.663,67.1,-11.90226
2026-05-22 01:12:30,35.0,99.668,64.9,-3.68534
2026-05-22 01:13:20,35.0,99.661,64.8,333.54434
2026-05-22 01:14:10,35.1,99.668,63.4,-6.46358
2026-05-22 01:15:00,35.0,99.66,68.4,1387.18065
2026-05-22 01:15:50,35.0,99.67,65.2,-4.93993
2026-05-22 01:16:40,35.0,99.666,64.6,1728.23887
2026-05-22 01:17:30,35.0,99.67,64.9,102.50487
2026-05-22 01:18:20,35.0,99.674,64.6,-13.28754
2026-05-22 01:19:10,35.0,99.664,64.9,-9.36403
2026-05-22 01:20:00,35.0,99.663,68.3,1453.39653
2026-05-22 01:20:50,35.0,99.665,65.4,1725.50411
2026-05-22 01:21:40,35.0,99.661,66.0,-14.20341
2026-05-22 01:22:30,35.1,99.666,67.0,1438.1541
2026-05-22 01:23:20,35.0,99.663,66.0,1658.80381
2026-05-22 01:24:10,35.0,99.675,64.5,1850.52614
2026-05-22 01:25:00,35.0,99.663,65.1,1789.95415
2026-05-22 01:25:50,35.0,99.673,64.2,1473.66587
2026-05-22 01:26:40,35.0,99.654,64.3,1819.55989
2026-05-22 01:27:30,35.0,99.669,63.2,-5.48829
2026-05-22 01:28:20,35.0,99.668,65.3,1891.43324
2026-05-22 01:29:10,35.1,99.67,64.5,324.29136
2026-05-22 01:30:00,35.0,99.662,65.0,-5.77518
2026-05-22 01:30:50,35.0,99.665,63.6,-14.11496
2026-05-22 01:31:40,35.0,99.657,65.5,1496.12755
2026-05-22 01:32:30,35.0,99.663,65.2,-7.45583
2026-05-22 01:33:20,34.9,99.665,65.8,1850.44838
2026-05-22 01:34:10,35.0,99.671,67.2,405.40316
2026-05-22 01:35:00,35.1,99.668,64.6,1934.39004
2026-05-22 01:35:50,35.0,99.663,64.4,1368.90068
2026-05-22 01:36:40,35.0,99.667,63.8,-8.28104
2026-05-22 01:37:30,35.1,99.664,65.2,357.44223
2026-05-22 01:38:20,35.0,99.668,63.8,1532.47728
2026-05-22 01:39:10,35.1,99.674,64.6,-13.47591
2026-05-22 01:40:00,35.1,99.67,66.0,1896.82345
2026-05-22 01:40:50,35.0,99.674,67.1,-8.85688
2026-05-22 01:41:40,35.0,99.664,65.2,1881.28967
2026-05-22 01:42:30,35.0,99.657,64.3,1517.07872
2026-05-22 01:43:20,35.0,99.663,64.2,1770.36652
2026-05-22 01:44:10,35.0,99.672,62.9,246.26379
2026-05-22 01:45:00,35.1,99.668,66.1,-13.00342
2026-05-22 01:45:50,35.0,99.675,63.1,-12.10043
2026-05-22 01:46:40,34.9,99.685,63.6,1687.42039
2026-05-22 01:47:30,35.0,99.671,65.0,-5.56832
2026-05-22 01:48:20,35.0,99.667,64.6,1450.43262
2026-05-22 01:49:10,35.0,99.673,65.1,282.79944
2026-05-22 01:50:00,35.1,99.669,66.8,1431.81292
2026-05-22 01:50:50,35.0,99.673,67.3,1823.61938
2026-05-22 01:51:40,35.1,99.672,63.1,216.14587
2026-05-22 01:52:30,35.0,99.662,62.3,-13.47951
2026-05-22 01:53:20,35.1,99.663,64.6,-13.29725
2026-05-22 01:54:10,35.0,99.671,65.8,-6.08491
2026-05-22 01:55:00,35.0,99.665,64.5,-12.50116
2026-05-22 01:55:50,35.0,99.679,65.5,-13.31072
2026-05-22 01:56:40,35.0,99.666,65.1,-11.45491
2026-05-22 01:57:30,35.0,99.669,65.8,-13.71404
2026-05-22 01:58:20,35.1,99.666,64.4,-7.95286
2026-05-22 01:59:10,35.1,99.67,62.7,1461.82653
2026-05-22 02:00:00,35.0,99.664,64.7,1902.83606
2026-05-22 02:00:50,35.0,99.672,65.1,-12.00354
2026-05-22 02:01:40,35.1,99.663,65.0,14.49875
2026-05-22 02:02:30,35.0,99.669,64.8,-7.56233
2026-05-22 02:03:20,35.1,99.671,66.2,1899.30024
2026-05-22 02:04:10,35.0,99.674,63.1,-12.82006
2026-05-22 02:05:00,35.1,99.666,65.8,1699.24729
2026-05-22 02:05:50,35.0,99.67,64.9,176.03713
2026-05-22 02:06:40,35.0,99.667,66.7,-12.85072
2026-05-22 02:07:30,35.0,99.67,67.3,1378.50266
2026-05-22 02:08:20,35.0,99.666,66.2,1480.25345
2026-05-22 02:09:10,35.0,99.67,64.3,1606.57888
2026-05-22 02:10:00,35.1,99.665,64.9,1666.32457
2026-05-22 02:10:50,35.1,99.666,63.1,-5.72344
2026-05-22 02:11:40,35.0,99.664,66.3,86.46739
2026-05-22 02:12:30,35.0,99.67,64.0,1405.11649
2026-05-22 02:13:20,35.1,99.67,66.4,1350.24673
2026-05-22 02:14:10,35.1,99.677,64.7,1664.77153
2026-05-22 02:15:00,35.0,99.672,64.5,252.20418
2026-05-22 02:15:50,35.1,99.67,64.2,1849.76329
2026-05-22 02:16:40,35.0,99.668,65.9,125.83778
2026-05-22 02:17:30,35.1,99.659,64.6,-13.07621
2026-05-22 02:18:20,35.0,99.665,66.0,1787.01309
2026-05-22 02:19:10,35.0,99.663,63.5,1604.69434
2026-05-22 02:20:00,35.1,99.664,65.7,-3.62049
2026-05-22 02:20:50,35.0,99.664,65.0,1383.9193
2026-05-22 02:21:40,35.0,99.665,66.5,1426.0844
2026-05-22 02:22:30,35.0,99.663,65.3,-4.62961
2026-05-22 02:23:20,35.0,99.674,65.6,-12.8914
2026-05-22 02:24:10,35.0,99.673,65.3,-11.07344
2026-05-22 02:25:00,35.0,99.667,66.6,1506.71186
2026-05-22 02:25:50,35.0,99.675,66.1,13.27604
2026-05-22 02:26:40,35.0,99.666,66.3,-2.79687
2026-05-22 02:27:30,35.0,99.671,65.2,-11.24526
2026-05-22 02:28:20,35.0,99.676,65.1,1766.69394
2026-05-22 02:29:10,34.9,99.677,64.8,384.21077
2026-05-22 02:30:00,35.0,99.669,65.6,-13.7714
2026-05-22 02:30:50,35.0,99.666,65.4,1723.5093
2026-05-22 02:31:40,35.0,99.671,63.4,1516.30651
2026-05-22 02:32:30,35.0,99.667,64.6,-14.66447
2026-05-22 02:33:20,35.0,99.662,65.2,1398.7363
2026-05-22 02:34:10,35.0,99.658,64.7,-2.50398
2026-05-22 02:35:00,35.0,99.672,65.6,-12.66352
2026-05-22 02:35:50,35.1,99.669,66.1,247.42707
2026-05-22 02:36:40,34.9,99.667,66.7,424.10268
2026-05-22 02:37:30,35.0,99.663,64.3,61.4949
2026-05-22 02:38:20,35.0,99.663,65.7,1749.01936
2026-05-22 02:39:10,35.0,99.673,64.5,1540.88845
2026-05-22 02:40:00,35.0,99.674,62.2,-6.13616
2026-05-22 02:40:50,35.0,99.671,64.8,-11.98093
2026-05-22 02:41:40,35.0,99.67,65.6,64.59539
2026-05-22 02:42:30,35.0,99.671,63.7,-4.51651
2026-05-22 02:43:20,35.0,99.666,66.6,-4.25977
2026-05-22 02:44:10,35.1,99.669,66.2,1357.41927
2026-05-22 02:45:00,35.0,99.676,66.8,-6.29968
2026-05-22 02:45:50,35.0,99.663,65.9,1754.8602
2026-05-22 02:46:40,35.0,99.67,64.3,347.53153
2026-05-22 02:47:30,35.0,99.666,64.5,-12.14408
2026-05-22 02:48:20,35.1,99.669,65.6,1513.181
2026-05-22 02:49:10,35.0,99.668,67.4,-6.2164
2026-05-22 02:50:00,35.0,99.669,67.5,1419.07484
2026-05-22 02:50:50,35.0,99.664,64.3,-6.6954
2026-05-22 02:51:40,35.0,99.669,65.3,1866.75915
2026-05-22 02:52:30,35.0,99.666,65.6,-3.00585
2026-05-22 02:53:20,35.0,99.684,64.3,-7.89613
2026-05-22 02:54:10,35.0,99.672,63.1,1932.58772
2026-05-22 02:55:00,35.1,99.656,64.6,-9.85918
2026-05-22 02:55:50,35.0,99.673,65.4,1557.29056
2026-05-22 02:56:40,35.0,99.677,67.0,167.15825
2026-05-22 02:57:30,35.0,99.673,64.9,1444.11417
2026-05-22 02:58:20,35.0,99.671,63.2,1637.228
2026-05-22 02:59:10,35.0,99.668,66.8,1745.3467
2026-05-22 03:00:00,35.0,99.66,63.0,1891.89363
2026-05-22 03:00:50,35.0,99.673,65.8,-9.17621
2026-05-22 03:01:40,35.1,99.671,64.7,1872.26659
2026-05-22 03:02:30,34.9,99.668,65.0,1856.58334
2026-05-22 03:03:20,35.0,99.663,64.7,1626.23484
2026-05-22 03:04:10,35.0,99.667,65.4,1622.67954
2026-05-22 03:05:00,35.0,99.671,64.8,-9.56493
2026-05-22 03:05:50,35.0,99.663,65.6,-8.09511
2026-05-22 03:06:40,35.0,99.675,64.3,-4.75251
2026-05-22 03:07:30,35.1,99.668,64.5,1663.60462
2026-05-22 03:08:20,35.0,99.669,64.9,-13.1877
2026-05-22 03:09:10,35.0,99.664,64.1,1612.88408
2026-05-22 03:10:00,35.0,99.669,65.1,1920.44318
2026-05-22 03:10:50,35.0,99.67,66.4,1405.27597
2026-05-22 03:11:40,35.1,99.677,65.5,1437.75853
2026-05-22 03:12:30,35.0,99.66,66.6,1650.97121
2026-05-22 03:13:20,35.1,99.669,66.3,-10.55706
2026-05-22 03:14:10,35.0,99.67,66.2,1532.94115
2026-05-22 03:15:00,35.0,99.67,66.6,1373.24202
2026-05-22 03:15:50,35.0,99.664,65.3,-10.09489
2026-05-22 03:16:40,35.1,99.659,66.8,1849.89411
2026-05-22 03:17:30,35.0,99.673,65.9,-6.43575
2026-05-22 03:18:20,35.0,99.676,66.7,1409.78119
2026-05-22 03:19:10,35.0,99.663,64.7,-7.71685
2026-05-22 03:20:00,35.1,99.668,64.8,-13.27099
2026-05-22 03:20:50,35.0,99.662,65.6,-3.48562
2026-05-22 03:21:40,35.0,99.665,66.7,1441.29345
2026-05-22 03:22:30,35.0,99.665,64.9,-12.89776
2026-05-22 03:23:20,35.0,99.676,65.2,-8.49312
2026-05-22 03:24:10,35.1,99.662,65.9,1710.79227
2026-05-22 03:25:00,35.1,99.672,65.4,76.39302
2026-05-22 03:25:50,35.0,99.665,66.7,1400.75318
2026-05-22 03:26:40,35.0,99.675,64.7,-12.39721
2026-05-22 03:27:30,35.0,99.675,64.3,1746.5577
2026-05-22 03:28:20,35.0,99.671,65.3,1730.6964
2026-05-22 03:29:10,35.0,99.671,62.9,-5.65104
2026-05-22 03:30:00,35.0,99.667,65.9,285.56569
2026-05-22 03:30:50,35.0,99.664,65.0,-8.55193
2026-05-22 03:31:40,35.1,99.675,65.4,-11.35165
2026-05-22 03:32:30,35.0,99.666,66.0,-5.21882
2026-05-22 03:33:20,35.0,99.684,63.9,1362.39966
2026-05-22 03:34:10,35.1,99.672,65.4,-10.26136
2026-05-22 03:35:00,35.0,99.664,64.3,-8.66058
2026-05-22 03:35:50,35.0,99.668,67.5,-5.92081
2026-05-22 03:36:40,35.0,99.673,65.1,1729.45618
2026-05-22 03:37:30,35.0,99.674,66.8,1549.77351
2026-05-22 03:38:20,34.9,99.669,63.7,1843.48178
2026-05-22 03:39:10,35.0,99.665,67.0,-11.03114
2026-05-22 03:40:00,35.0,99.675,64.7,153.83352
2026-05-22 03:40:50,35.0,99.657,65.9,-14.05139
2026-05-22 03:41:40,35.0,99.659,65.1,1938.18335
2026-05-22 03:42:30,35.0,99.664,66.8,1712.01318
2026-05-22 03:43:20,35.0,99.662,64.3,1509.4391
2026-05-22 03:44:10,35.1,99.676,64.9,1560.19111
2026-05-22 03:45:00,35.0,99.671,63.4,-9.66728
2026-05-22 03:45:50,35.0,99.673,64.0,1398.98238
2026-05-22 03:46:40,35.1,99.66,65.5,-13.13655
2026-05-22 03:47:30,35.1,99.667,65.9,-10.47055
2026-05-22 03:48:20,35.0,99.658,65.5,-6.30591
2026-05-22 03:49:10,35.1,99.674,64.6,1715.16459
2026-05-22 03:50:00,35.0,99.665,63.4,78.3788
2026-05-22 03:50:50,35.0,99.665,65.8,-14.11341
2026-05-22 03:51:40,35.0,99.668,66.2,-2.82263
2026-05-22 03:52:30,35.1,99.669,65.0,340.14354
2026-05-22 03:53:20,35.0,99.664,64.4,-10.9832
2026-05-22 03:54:10,35.0,99.664,66.7,-12.08501
2026-05-22 03:55:00,35.1,99.669,64.5,1545.08793
2026-05-22 03:55:50,35.0,99.669,64.8,-5.99885
2026-05-22 03:56:40,35.1,99.66,65.4,-4.34595
2026-05-22 03:57:30,35.0,99.668,66.4,138.22161
2026-05-22 03:58:20,35.0,99.677,63.1,1614.79244
2026-05-22 03:59:10,35.0,99.66,66.2,-3.66023
2026-05-22 04:00:00,35.1,99.672,65.0,-6.09466
2026-05-22 04:00:50,35.0,99.678,64.4,-9.33219
2026-05-22 04:01:40,35.0,99.676,65.4,-2.72556
2026-05-22 04:02:30,35.0,99.667,63.7,1905.37795
2026-05-22 04:03:20,35.0,99.66,67.2,1606.73084
2026-05-22 04:04:10,35.0,99.68,63.9,1904.88757
2026-05-22 04:05:00,35.1,99.671,66.8,1506.24797
2026-05-22 04:05:50,35.0,99.679,64.0,1438.83047
2026-05-22 04:06:40,35.0,99.672,65.4,-4.15649
2026-05-22 04:07:30,35.0,99.665,64.7,-2.66209
2026-05-22 04:08:20,35.0,99.665,65.7,-7.11276
2026-05-22 04:09:10,35.0,99.668,65.3,-6.11059
2026-05-22 04:10:00,35.1,99.677,65.2,-5.85082
2026-05-22 04:10:50,35.0,99.657,63.2,143.79678
2026-05-22 04:11:40,35.0,99.666,65.1,-2.96863
2026-05-22 04:12:30,35.0,99.662,65.2,-5.38827
2026-05-22 04:13:20,35.0,99.662,65.0,307.94578
2026-05-22 04:14:10,35.0,99.665,66.1,-12.72191
2026-05-22 04:15:00,35.0,99.664,62.8,1749.40047
2026-05-22 04:15:50,35.1,99.669,67.0,1859.07225
2026-05-22 04:16:40,35.0,99.668,65.8,1879.88782
2026-05-22 04:17:30,35.0,99.663,65.1,353.82356
2026-05-22 04:18:20,34.9,99.67,63.6,-4.21527
2026-05-22 04:19:10,35.0,99.669,64.2,-4.72635
2026-05-22 04:20:00,35.0,99.662,65.4,1707.68613
2026-05-22 04:20:50,35.0,99.672,66.4,1885.50203
2026-05-22 04:21:40,35.0,99.661,66.0,1753.23294
2026-05-22 04:22:30,35.0,99.667,64.2,1566.50077
2026-05-22 04:23:20,35.0,99.669,66.6,-7.8755
2026-05-22 04:24:10,35.0,99.675,65.2,-2.83353
2026-05-22 04:25:00,35.0,99.678,63.9,1780.05738
2026-05-22 04:25:50,35.0,99.671,65.9,1546.50611
2026-05-22 04:26:40,34.9,99.663,63.8,-5.84015
2026-05-22 04:27:30,35.1,99.672,65.6,1500.93836
2026-05-22 04:28:20,35.1,99.669,64.2,1462.34661
2026-05-22 04:29:10,35.0,99.67,63.3,1932.52063
2026-05-22 04:30:00,35.1,99.669,65.9,1912.8532
2026-05-22 04:30:50,35.0,99.672,64.2,1738.255
2026-05-22 04:31:40,35.0,99.672,66.3,-5.15777
2026-05-22 04:32:30,35.0,99.673,65.0,1425.11254
2026-05-22 04:33:20,35.0,99.663,67.1,-3.55933
2026-05-22 04:34:10,35.1,99.661,64.8,122.07943
2026-05-22 04:35:00,35.0,99.664,66.1,1594.84494
2026-05-22 04:35:50,35.0,99.671,65.5,-5.03576
2026-05-22 04:36:40,35.0,99.665,64.1,-11.54016
2026-05-22 04:37:30,35.0,99.667,65.0,57.19347
2026-05-22 04:38:20,34.9,99.66,66.9,1641.66097
2026-05-22 04:39:10,35.0,99.663,66.3,1833.13418
2026-05-22 04:40:00,35.1,99.671,63.7,1774.1045
2026-05-22 04:40:50,35.0,99.666,64.1,1495.48897
2026-05-22 04:41:40,35.0,99.67,64.8,1427.89212
2026-05-22 04:42:30,35.0,99.665,65.3,1514.65268
2026-05-22 04:43:20,35.0,99.668,64.5,1395.33588
2026-05-22 04:44:10,35.1,99.67,65.3,14.09621
2026-05-22 04:45:00,35.0,99.667,64.7,1408.91499
2026-05-22 04:45:50,35.0,99.671,65.2,-3.40733
2026-05-22 04:46:40,35.1,99.665,64.7,1877.54995
2026-05-22 04:47:30,35.1,99.661,66.3,1578.26184
2026-05-22 04:48:20,35.0,99.663,64.8,1376.63279
2026-05-22 04:49:10,35.0,99.675,65.9,-10.56846
2026-05-22 04:50:00,35.0,99.671,65.1,1777.19046
2026-05-22 04:50:50,35.0,99.663,65.7,-12.11359
2026-05-22 04:51:40,35.0,99.67,65.1,-13.2147
2026-05-22 04:52:30,35.0,99.674,66.4,1439.13056
2026-05-22 04:53:20,35.0,99.667,65.1,319.17109
2026-05-22 04:54:10,35.1,99.669,66.9,-10.38832
2026-05-22 04:55:00,35.1,99.681,64.9,139.5593
2026-05-22 04:55:50,35.0,99.665,63.3,-9.47786
2026-05-22 04:56:40,34.9,99.666,65.3,-8.3521
2026-05-22 04:57:30,35.0,99.661,67.0,-5.70871
2026-05-22 04:58:20,35.0,99.671,65.4,-8.91129
2026-05-22 04:59:10,35.0,99.673,65.8,-4.22519
2026-05-22 05:00:00,35.0,99.666,65.4,-14.33179
2026-05-22 05:00:50,35.1,99.664,64.9,1771.39602
2026-05-22 05:01:40,35.1,99.671,65.4,-7.53368
2026-05-22 05:02:30,34.9,99.658,64.7,1753.33217
2026-05-22 05:03:20,34.9,99.675,66.3,-11.09039
2026-05-22 05:04:10,35.0,99.673,64.9,1496.96952
2026-05-22 05:05:00,35.0,99.673,64.3,1890.08303
2026-05-22 05:05:50,35.0,99.662,66.0,1806.07605
2026-05-22 05:06:40,35.0,99.663,66.5,1869.49419
2026-05-22 05:07:30,35.0,99.67,64.7,1691.56993
2026-05-22 05:08:20,35.0,99.678,64.9,242.31965
2026-05-22 05:09:10,35.1,99.68,65.0,1593.5025
2026-05-22 05:10:00,34.9,99.668,65.0,1443.46967
2026-05-22 05:10:50,35.0,99.674,64.8,-14.45605
2026-05-22 05:11:40,35.0,99.661,63.5,297.34537
2026-05-22 05:12:30,35.1,99.666,64.0,-9.38227
2026-05-22 05:13:20,35.0,99.659,66.6,-2.52892
2026-05-22 05:14:10,35.0,99.668,65.2,1800.3962
2026-05-22 05:15:00,35.0,99.664,66.5,-5.68563
2026-05-22 05:15:50,35.0,99.675,65.4,1758.67284
2026-05-22 05:16:40,35.0,99.67,64.5,-11.23057
2026-05-22 05:17:30,35.0,99.668,65.7,1784.37623
2026-05-22 05:18:20,34.9,99.672,64.3,-11.47799
2026-05-22 05:19:10,34.9,99.662,65.6,113.25832
2026-05-22 05:20:00,35.0,99.671,64.9,1694.09841
2026-05-22 05:20:50,35.0,99.665,64.7,1771.05412
2026-05-22 05:21:40,35.0,99.67,66.6,127.87945
2026-05-22 05:22:30,35.1,99.679,64.4,156.8024
2026-05-22 05:23:20,35.0,99.677,64.1,1404.59694
2026-05-22 05:24:10,35.0,99.663,64.4,170.10269
2026-05-22 05:25:00,35.0,99.674,63.0,-7.75344
2026-05-22 05:25:50,35.1,99.662,65.8,1656.03383
2026-05-22 05:26:40,35.0,99.666,65.2,1872.81554
2026-05-22 05:27:30,35.0,99.667,64.3,1548.84788
2026-05-22 05:28:20,35.1,99.662,66.2,1803.0853
2026-05-22 05:29:10,35.0,99.672,64.7,1361.71893
2026-05-22 05:30:00,35.0,99.674,64.4,1619.61752
2026-05-22 05:30:50,35.0,99.666,66.6,1584.60188
2026-05-22 05:31:40,35.0,99.671,64.4,344.05418
2026-05-22 05:32:30,35.0,99.67,65.7,-5.4121
2026-05-22 05:33:20,35.0,99.661,66.4,1513.45133
2026-05-22 05:34:10,34.9,99.669,64.9,-9.58238
2026-05-22 05:35:00,35.0,99.664,66.1,1745.3716
2026-05-22 05:35:50,35.0,99.673,64.7,1895.80419
2026-05-22 05:36:40,35.1,99.67,65.1,214.88153
2026-05-22 05:37:30,35.1,99.675,65.0,1514.14753
2026-05-22 05:38:20,35.0,99.67,65.2,1552.99453
2026-05-22 05:39:10,35.0,99.664,64.4,1424.77712
2026-05-22 05:40:00,35.1,99.667,66.2,1750.96356
2026-05-22 05:40:50,34.9,99.662,64.6,1560.94637
2026-05-22 05:41:40,35.1,99.663,66.7,1454.30519
2026-05-22 05:42:30,35.0,99.671,64.3,1931.58407
2026-05-22 05:43:20,35.0,99.669,65.2,-8.92286
2026-05-22 05:44:10,35.0,99.665,66.3,47.95485
2026-05-22 05:45:00,35.1,99.662,64.9,1605.55015
2026-05-22 05:45:50,35.0,99.668,63.8,1612.51882
2026-05-22 05:46:40,35.0,99.668,64.2,1748.33619
2026-05-22 05:47:30,35.0,99.671,65.9,1709.85742
2026-05-22 05:48:20,35.0,99.665,66.4,-6.25725
2026-05-22 05:49:10,35.1,99.667,65.9,-12.55915
2026-05-22 05:50:00,35.1,99.667,65.1,1598.07528
2026-05-22 05:50:50,35.0,99.663,65.9,1901.24953
2026-05-22 05:51:40,35.0,99.663,63.4,-2.65093
2026-05-22 05:52:30,35.0,99.67,65.8,1423.43884
2026-05-22 05:53:20,35.0,99.675,64.1,1660.49569
2026-05-22 05:54:10,35.0,99.668,64.3,1431.36228
2026-05-22 05:55:00,35.1,99.673,64.1,1386.58611
2026-05-22 05:55:50,35.0,99.665,64.0,1714.97266
2026-05-22 05:56:40,35.0,99.667,63.2,1600.16429
2026-05-22 05:57:30,35.0,99.664,66.9,23.39052
2026-05-22 05:58:20,35.0,99.662,63.5,-14.68839
2026-05-22 05:59:10,35.0,99.655,63.8,1533.07497
2026-05-22 06:00:00,35.1,99.671,65.8,-11.83606
2026-05-22 06:00:50,35.0,99.676,64.5,-6.98345
2026-05-22 06:01:40,35.1,99.675,65.0,1583.55352
2026-05-22 06:02:30,35.1,99.665,64.8,-6.73502
2026-05-22 06:03:20,35.0,99.663,66.7,1907.24096
2026-05-22 06:04:10,35.0,99.665,65.8,1588.72542
2026-05-22 06:05:00,34.9,99.672,63.9,-8.08732
2026-05-22 06:05:50,35.1,99.671,63.2,1744.04336
2026-05-22 06:06:40,35.0,99.661,66.3,-4.18702
2026-05-22 06:07:30,35.0,99.663,64.7,1937.96713
2026-05-22 06:08:20,35.0,99.664,64.6,-7.23927
2026-05-22 06:09:10,35.1,99.67,65.7,-13.43867
2026-05-22 06:10:00,35.0,99.664,65.3,1350.73646
2026-05-22 06:10:50,35.1,99.675,64.7,1417.53258
2026-05-22 06:11:40,35.0,99.67,65.8,1355.04729
2026-05-22 06:12:30,35.0,99.671,64.7,1469.33334
2026-05-22 06:13:20,35.0,99.67,65.9,-14.2851
2026-05-22 06:14:10,35.0,99.672,66.0,1449.7375
2026-05-22 06:15:00,35.0,99.672,64.9,-14.44692
2026-05-22 06:15:50,35.0,99.668,63.7,1417.70804
2026-05-22 06:16:40,35.1,99.663,65.3,1745.13495
2026-05-22 06:17:30,35.0,99.673,66.5,1919.73647
2026-05-22 06:18:20,35.1,99.664,65.2,1476.01525
2026-05-22 06:19:10,35.0,99.674,65.3,-3.24705
2026-05-22 06:20:00,35.0,99.668,67.2,-4.68029
2026-05-22 06:20:50,35.1,99.657,64.0,1834.13149
2026-05-22 06:21:40,35.0,99.668,66.5,1751.5343
2026-05-22 06:22:30,35.0,99.671,65.3,-7.84915
2026-05-22 06:23:20,34.9,99.675,66.9,-11.27272
2026-05-22 06:24:10,35.0,99.679,64.7,1815.50455
2026-05-22 06:25:00,35.0,99.671,66.0,-4.34485
2026-05-22 06:25:50,35.0,99.675,63.2,30.74759
2026-05-22 06:26:40,35.0,99.666,65.7,207.6242
2026-05-22 06:27:30,35.1,99.658,62.6,1483.66002
2026-05-22 06:28:20,35.0,99.67,64.9,-4.12852
2026-05-22 06:29:10,35.0,99.666,64.6,-9.34189
2026-05-22 06:30:00,35.1,99.681,64.7,1450.25749
2026-05-22 06:30:50,35.1,99.67,66.6,21.72618
2026-05-22 06:31:40,35.1,99.667,65.4,1842.22809
2026-05-22 06:32:30,35.0,99.664,64.8,-7.02051
2026-05-22 06:33:20,35.0,99.667,67.8,1854.76472
2026-05-22 06:34:10,35.0,99.673,64.7,-5.59236
2026-05-22 06:35:00,35.0,99.671,63.8,67.78659
2026-05-22 06:35:50,35.0,99.668,67.5,-11.39259
2026-05-22 06:36:40,35.0,99.668,63.7,1827.00222
2026-05-22 06:37:30,35.1,99.666,65.9,1655.21653
2026-05-22 06:38:20,35.1,99.663,63.1,1489.09205
2026-05-22 06:39:10,35.0,99.666,65.1,-2.74282
2026-05-22 06:40:00,35.0,99.679,65.7,1871.4649
2026-05-22 06:40:50,35.0,99.666,65.4,-14.20646
2026-05-22 06:41:40,35.0,99.664,64.7,1708.62618
2026-05-22 06:42:30,35.0,99.672,67.4,1904.38569
2026-05-22 06:43:20,35.0,99.674,65.5,-6.49843
2026-05-22 06:44:10,35.0,99.67,63.0,1435.66948
2026-05-22 06:45:00,35.0,99.673,64.4,-13.96592
2026-05-22 06:45:50,35.0,99.668,66.0,275.73364
2026-05-22 06:46:40,35.1,99.671,64.5,1383.94898
2026-05-22 06:47:30,35.0,99.671,64.9,1719.93277
2026-05-22 06:48:20,35.0,99.671,66.2,-7.63088
2026-05-22 06:49:10,35.0,99.665,62.8,-13.53212
2026-05-22 06:50:00,35.1,99.667,65.4,1848.25365
2026-05-22 06:50:50,35.0,99.662,64.6,1790.90747
2026-05-22 06:51:40,35.1,99.671,66.2,1522.91427
2026-05-22 06:52:30,34.9,99.67,66.0,90.55643
2026-05-22 06:53:20,35.0,99.666,64.9,1410.49106
2026-05-22 06:54:10,35.0,99.669,66.7,1723.84667
2026-05-22 06:55:00,35.1,99.672,66.4,-6.15004
2026-05-22 06:55:50,35.0,99.672,66.6,-3.17768
2026-05-22 06:56:40,35.0,99.671,65.7,333.62757
2026-05-22 06:57:30,35.0,99.667,67.1,-3.27339
2026-05-22 06:58:20,35.0,99.658,65.7,-8.85888
2026-05-22 06:59:10,35.0,99.67,67.4,119.05626
2026-05-22 07:00:00,35.0,99.67,63.9,1682.16022
2026-05-22 07:00:50,35.1,99.672,64.4,41.76345
2026-05-22 07:01:40,35.0,99.67,64.5,1781.80236
2026-05-22 07:02:30,35.0,99.654,65.3,1883.3307
2026-05-22 07:03:20,35.1,99.662,64.3,403.4382
2026-05-22 07:04:10,34.9,99.667,67.1,-3.83405
2026-05-22 07:05:00,35.1,99.671,62.9,1781.07808
2026-05-22 07:05:50,35.0,99.672,66.5,1740.84388
2026-05-22 07:06:40,35.1,99.674,65.1,-5.24883
2026-05-22 07:07:30,35.0,99.67,65.4,1393.70891
2026-05-22 07:08:20,34.9,99.671,64.8,1702.01578
2026-05-22 07:09:10,35.0,99.678,65.9,-13.99907
2026-05-22 07:10:00,35.0,99.672,65.7,-8.57493
2026-05-22 07:10:50,35.1,99.657,63.6,1595.03651
2026-05-22 07:11:40,35.0,99.671,63.9,1627.27068
2026-05-22 07:12:30,35.1,99.669,66.1,1359.26838
2026-05-22 07:13:20,35.0,99.667,65.6,1693.33855
2026-05-22 07:14:10,35.1,99.668,65.4,1785.91919
2026-05-22 07:15:00,35.1,99.662,64.3,-4.40262
2026-05-22 07:15:50,35.0,99.667,64.1,-6.98814
2026-05-22 07:16:40,35.1,99.662,66.8,14.22817
2026-05-22 07:17:30,35.0,99.667,65.0,-7.30752
2026-05-22 07:18:20,35.0,99.669,63.8,-6.96243
2026-05-22 07:19:10,35.1,99.665,64.7,1667.41587
2026-05-22 07:20:00,35.0,99.667,63.3,245.94566
2026-05-22 07:20:50,35.1,99.668,63.1,1669.66364
2026-05-22 07:21:40,35.0,99.675,64.1,-5.90658
2026-05-22 07:22:30,35.0,99.669,64.6,1468.89367
2026-05-22 07:23:20,35.0,99.669,65.4,1574.09797
2026-05-22 07:24:10,34.9,99.669,63.5,1518.58039
2026-05-22 07:25:00,35.1,99.676,64.9,-11.65973
2026-05-22 07:25:50,34.9,99.663,65.1,-3.15144
2026-05-22 07:26:40,35.0,99.664,62.8,-3.46073
2026-05-22 07:27:30,35.0,99.665,64.3,-4.68884
2026-05-22 07:28:20,35.0,99.664,65.6,-14.13014
2026-05-22 07:29:10,35.0,99.664,66.5,1657.20526
2026-05-22 07:30:00,35.0,99.671,67.1,1470.42442
2026-05-22 07:30:50,35.0,99.668,64.4,-10.72067
2026-05-22 07:31:40,35.1,99.673,66.0,-10.62255
2026-05-22 07:32:30,35.0,99.67,66.6,-10.55718
2026-05-22 07:33:20,35.1,99.669,63.3,-5.99332
2026-05-22 07:34:10,35.1,99.666,67.2,1454.05737
2026-05-22 07:35:00,35.1,99.658,65.2,-11.28158
2026-05-22 07:35:50,35.0,99.659,63.9,-6.4485
2026-05-22 07:36:40,35.1,99.67,65.7,1445.50401
2026-05-22 07:37:30,35.0,99.667,66.4,1357.70489
2026-05-22 07:38:20,35.0,99.676,63.9,-4.47546
2026-05-22 07:39:10,35.1,99.669,66.0,-12.10863
2026-05-22 07:40:00,35.0,99.676,65.3,-9.8414
2026-05-22 07:40:50,35.0,99.676,64.6,1466.4745
2026-05-22 07:41:40,35.0,99.672,66.2,-5.98367
2026-05-22 07:42:30,35.0,99.664,63.7,-5.99318
2026-05-22 07:43:20,35.0,99.67,64.7,-14.01623
2026-05-22 07:44:10,35.0,99.672,64.9,1714.79438
2026-05-22 07:45:00,35.1,99.67,65.7,1506.89453
2026-05-22 07:45:50,35.0,99.675,67.0,-10.724
2026-05-22 07:46:40,35.0,99.672,67.7,-13.78448
2026-05-22 07:47:30,35.1,99.666,64.0,-10.38074
2026-05-22 07:48:20,35.0,99.673,63.3,309.71172
2026-05-22 07:49:10,35.1,99.659,63.1,1671.08567
2026-05-22 07:50:00,35.0,99.663,64.1,-11.20331
2026-05-22 07:50:50,35.0,99.672,64.3,207.01015
2026-05-22 07:51:40,35.0,99.662,65.1,399.38336
2026-05-22 07:52:30,35.0,99.664,65.1,55.28719
2026-05-22 07:53:20,35.1,99.676,64.5,1695.98812
2026-05-22 07:54:10,35.0,99.669,67.5,1587.94308
2026-05-22 07:55:00,35.0,99.665,65.2,1456.81256
2026-05-22 07:55:50,35.0,99.679,65.8,-2.75309
2026-05-22 07:56:40,35.0,99.667,65.0,255.83263
2026-05-22 07:57:30,35.0,99.661,64.4,94.34828
2026-05-22 07:58:20,35.1,99.669,65.3,1557.68409
2026-05-22 07:59:10,35.0,99.664,65.7,1911.83426
2026-05-22 08:00:00,35.0,99.67,63.6,1415.90918
2026-05-22 08:00:50,35.0,99.658,67.1,-3.39362
2026-05-22 08:01:40,35.1,99.661,64.4,1706.72041
2026-05-22 08:02:30,35.0,99.669,65.9,-6.16365
2026-05-22 08:03:20,35.0,99.668,64.0,-14.13765
2026-05-22 08:04:10,34.9,99.667,64.9,-7.70484
2026-05-22 08:05:00,35.0,99.656,66.7,143.64184
2026-05-22 08:05:50,35.0,99.666,64.0,1377.87406
2026-05-22 08:06:40,35.0,99.656,66.3,-7.53888
2026-05-22 08:07:30,35.0,99.67,66.4,269.76744
2026-05-22 08:08:20,35.0,99.666,67.6,1870.24884
2026-05-22 08:09:10,35.0,99.672,66.4,-7.38171
2026-05-22 08:10:00,35.0,99.67,66.4,1888.20298
2026-05-22 08:10:50,35.0,99.672,64.3,1555.69292
2026-05-22 08:11:40,35.0,99.668,64.5,-3.41283
2026-05-22 08:12:30,35.1,99.668,66.3,1834.19155
2026-05-22 08:13:20,35.0,99.673,66.4,-4.07997
2026-05-22 08:14:10,35.0,99.67,64.1,-10.8011
2026-05-22 08:15:00,35.0,99.662,67.0,1469.40213
2026-05-22 08:15:50,35.0,99.668,64.8,-6.68295
2026-05-22 08:16:40,35.1,99.652,65.6,-14.20061
2026-05-22 08:17:30,35.0,99.666,64.8,408.57931
2026-05-22 08:18:20,35.0,99.674,65.0,1570.39756
2026-05-22 08:19:10,35.1,99.659,65.8,1786.86689
2026-05-22 08:20:00,35.0,99.67,65.1,-9.16765
2026-05-22 08:20:50,35.0,99.665,65.2,65.47835
2026-05-22 08:21:40,35.0,99.67,64.0,-3.43857
2026-05-22 08:22:30,35.1,99.674,64.2,1449.00087
2026-05-22 08:23:20,34.9,99.668,65.4,1354.41289
2026-05-22 08:24:10,35.0,99.662,66.7,1688.61815
2026-05-22 08:25:00,35.1,99.669,64.4,1818.45791
2026-05-22 08:25:50,35.0,99.666,65.6,1845.06191
2026-05-22 08:26:40,34.9,99.665,65.0,1414.84654
2026-05-22 08:27:30,35.0,99.679,63.8,1848.21329
2026-05-22 08:28:20,35.0,99.674,66.5,332.8851
2026-05-22 08:29:10,35.1,99.666,65.7,-11.66096
2026-05-22 08:30:00,35.0,99.659,65.5,1621.26153
2026-05-22 08:30:50,35.0,99.663,62.6,1926.68223
2026-05-22 08:31:40,35.1,99.663,66.7,-6.03801
2026-05-22 08:32:30,35.0,99.672,65.2,1644.28303
2026-05-22 08:33:20,35.0,99.667,65.6,-4.1184
2026-05-22 08:34:10,35.0,99.665,64.1,1450.07517
2026-05-22 08:35:00,35.0,99.667,64.5,-3.51108
2026-05-22 08:35:50,35.1,99.675,64.8,1548.1792
2026-05-22 08:36:40,35.0,99.67,65.4,1756.15584
2026-05-22 08:37:30,35.0,99.671,64.6,-8.60728
2026-05-22 08:38:20,35.1,99.661,64.3,1665.62862
2026-05-22 08:39:10,35.0,99.671,64.4,1531.06543
2026-05-22 08:40:00,35.0,99.667,66.2,332.35611
2026-05-22 08:40:50,35.0,99.666,65.5,1802.73252
2026-05-22 08:41:40,35.0,99.68,63.4,-14.35881
2026-05-22 08:42:30,35.0,99.667,65.1,1848.01273
2026-05-22 08:43:20,35.0,99.669,65.6,98.29078
2026-05-22 08:44:10,34.9,99.68,64.6,1870.35411
2026-05-22 08:45:00,35.0,99.67,65.8,99.95519
2026-05-22 08:45:50,35.1,99.67,65.3,1626.49053
2026-05-22 08:46:40,35.0,99.665,62.9,403.37007
2026-05-22 08:47:30,35.0,99.669,65.9,-2.51574
2026-05-22 08:48:20,35.1,99.675,65.7,-12.27409
2026-05-22 08:49:10,35.0,99.671,65.1,1355.4528
2026-05-22 08:50:00,35.1,99.673,64.6,1892.18749
2026-05-22 08:50:50,35.0,99.66,64.3,-3.36769
2026-05-22 08:51:40,35.0,99.67,64.2,316.56709
2026-05-22 08:52:30,35.0,99.667,66.8,-9.24999
2026-05-22 08:53:20,35.0,99.681,67.5,442.77961
2026-05-22 08:54:10,35.1,99.67,65.7,266.09928
2026-05-22 08:55:00,35.0,99.664,64.2,1365.63531
2026-05-22 08:55:50,35.0,99.669,64.7,1375.95874
2026-05-22 08:56:40,35.0,99.667,64.9,-7.07137
2026-05-22 08:57:30,35.0,99.665,65.8,1657.43038
2026-05-22 08:58:20,35.0,99.665,67.2,-14.20225
2026-05-22 08:59:10,35.0,99.678,63.9,-12.79263
2026-05-22 09:00:00,35.1,99.678,63.2,-5.0049
2026-05-22 09:00:50,35.1,99.668,65.7,-11.58744
2026-05-22 09:01:40,35.0,99.669,63.7,1556.88206
2026-05-22 09:02:30,35.1,99.666,66.3,251.24821
2026-05-22 09:03:20,35.1,99.663,65.9,1579.93752
2026-05-22 09:04:10,35.0,99.668,63.0,-5.51568
2026-05-22 09:05:00,35.0,99.671,65.6,-3.84366
2026-05-22 09:05:50,35.0,99.675,65.4,1863.70267
2026-05-22 09:06:40,35.1,99.671,64.2,1597.89656
2026-05-22 09:07:30,35.1,99.678,66.4,-6.3008
2026-05-22 09:08:20,35.0,99.667,65.8,-13.15375
2026-05-22 09:09:10,35.0,99.663,64.4,1706.00717
2026-05-22 09:10:00,35.0,99.671,65.4,1856.88455
2026-05-22 09:10:50,35.0,99.675,65.1,-5.17121
2026-05-22 09:11:40,35.0,99.673,63.5,-7.38299
2026-05-22 09:12:30,35.0,99.67,65.4,1481.31144
2026-05-22 09:13:20,35.0,99.663,66.8,-9.65878
2026-05-22 09:14:10,35.0,99.663,63.6,-9.66479
2026-05-22 09:15:00,35.0,99.662,63.5,-4.95277
2026-05-22 09:15:50,35.0,99.662,65.4,-14.13544
2026-05-22 09:16:40,35.0,99.672,65.3,1793.99021
2026-05-22 09:17:30,35.0,99.666,64.8,-9.32963
2026-05-22 09:18:20,35.0,99.672,64.9,1432.66379
2026-05-22 09:19:10,35.0,99.675,64.9,-3.62789
2026-05-22 09:20:00,35.0,99.663,66.1,1374.2932
2026-05-22 09:20:50,35.0,99.661,66.6,1612.74373
2026-05-22 09:21:40,35.1,99.668,63.5,1378.46962
2026-05-22 09:22:30,35.0,99.665,66.5,-13.94061
2026-05-22 09:23:20,35.0,99.674,66.2,1880.08103
2026-05-22 09:24:10,35.1,99.665,65.3,1753.17885
2026-05-22 09:25:00,35.1,99.665,63.4,414.23352
2026-05-22 09:25:50,35.1,99.678,65.8,1577.6328
2026-05-22 09:26:40,35.0,99.659,66.2,201.70518
2026-05-22 09:27:30,35.0,99.671,64.2,420.87135
2026-05-22 09:28:20,35.1,99.654,66.3,1490.55612
2026-05-22 09:29:10,35.0,99.671,64.9,-9.16395
2026-05-22 09:30:00,35.0,99.666,63.6,-8.74758
2026-05-22 09:30:50,35.0,99.666,66.5,-10.44965
2026-05-22 09:31:40,35.0,99.665,65.4,-7.31559
2026-05-22 09:32:30,35.1,99.663,65.1,-10.14103
2026-05-22 09:33:20,35.0,99.67,64.1,-8.94566
2026-05-22 09:34:10,35.0,99.672,65.0,-13.04234
2026-05-22 09:35:00,35.0,99.668,65.1,1409.88502
2026-05-22 09:35:50,35.0,99.66,64.5,1613.93896
2026-05-22 09:36:40,35.0,99.667,65.0,-5.51136
2026-05-22 09:37:30,35.0,99.664,66.9,1696.80974
2026-05-22 09:38:20,35.0,99.666,65.9,1811.79336
2026-05-22 09:39:10,35.0,99.659,65.9,1609.00699
2026-05-22 09:40:00,35.0,99.67,66.5,-14.76915
2026-05-22 09:40:50,35.0,99.672,62.9,1570.53861
2026-05-22 09:41:40,35.1,99.663,66.7,-13.0562
2026-05-22 09:42:30,35.1,99.664,65.0,-12.79353
2026-05-22 09:43:20,35.0,99.664,66.5,-12.50523
2026-05-22 09:44:10,35.1,99.661,65.1,1520.56485
2026-05-22 09:45:00,35.0,99.663,65.9,1697.6031
2026-05-22 09:45:50,35.1,99.669,64.8,1714.78231
2026-05-22 09:46:40,35.0,99.669,65.5,-4.22882
2026-05-22 09:47:30,35.0,99.668,66.5,1510.68283
2026-05-22 09:48:20,35.0,99.669,65.0,-5.9932
2026-05-22 09:49:10,35.0,99.663,65.0,1492.38138
2026-05-22 09:50:00,34.9,99.666,64.7,-14.52436
2026-05-22 09:50:50,35.0,99.67,63.8,1512.34924
2026-05-22 09:51:40,35.0,99.674,64.8,361.95982
2026-05-22 09:52:30,35.1,99.668,65.4,1936.51019
2026-05-22 09:53:20,35.0,99.67,67.6,-11.62359
2026-05-22 09:54:10,35.0,99.67,63.8,1857.96982
2026-05-22 09:55:00,35.0,99.664,64.6,-3.87353
2026-05-22 09:55:50,35.0,99.675,66.4,-5.65686
2026-05-22 09:56:40,35.0,99.664,63.8,1570.81165
2026-05-22 09:57:30,35.1,99.671,63.9,1678.54221
2026-05-22 09:58:20,35.0,99.661,66.6,1666.54475
2026-05-22 09:59:10,35.1,99.665,66.8,-3.11342
2026-05-22 10:00:00,35.1,99.669,65.2,-5.35652
2026-05-22 10:00:50,35.0,99.661,66.0,1678.17175
2026-05-22 10:01:40,35.0,99.665,62.7,-14.59628
2026-05-22 10:02:30,35.0,99.665,64.8,1576.50456
2026-05-22 10:03:20,35.0,99.672,64.7,-5.83078
2026-05-22 10:04:10,35.0,99.671,66.2,1649.02189
2026-05-22 10:05:00,35.1,99.662,64.4,1816.2136
2026-05-22 10:05:50,35.0,99.662,63.9,-4.1732
2026-05-22 10:06:40,35.1,99.667,63.2,1626.93966
2026-05-22 10:07:30,35.0,99.664,67.5,1371.21339
2026-05-22 10:08:20,35.0,99.672,65.7,-5.37252
2026-05-22 10:09:10,35.0,99.678,66.6,1373.61232
2026-05-22 10:10:00,35.0,99.676,67.0,1729.06763
2026-05-22 10:10:50,35.0,99.676,66.2,1495.29847
2026-05-22 10:11:40,34.9,99.663,65.3,-7.85
2026-05-22 10:12:30,35.0,99.657,63.8,1635.72806
2026-05-22 10:13:20,35.1,99.675,65.2,-5.27186
2026-05-22 10:14:10,35.1,99.67,62.5,108.74445
2026-05-22 10:15:00,35.0,99.67,65.7,176.08788
2026-05-22 10:15:50,35.0,99.665,66.4,1790.71324
2026-05-22 10:16:40,35.0,99.667,64.9,1545.49531
2026-05-22 10:17:30,35.0,99.669,65.5,-3.15793
2026-05-22 10:18:20,35.0,99.664,65.3,16.97638
2026-05-22 10:19:10,35.0,99.671,63.7,1378.56626
2026-05-22 10:20:00,35.0,99.668,65.0,1628.05533
2026-05-22 10:20:50,35.1,99.671,64.6,67.18741
2026-05-22 10:21:40,35.0,99.665,66.4,35.292
2026-05-22 10:22:30,35.0,99.664,65.5,1872.39314
2026-05-22 10:23:20,35.0,99.657,63.7,-6.93265
2026-05-22 10:24:10,35.0,99.671,64.2,-4.10032
2026-05-22 10:25:00,35.0,99.665,65.5,43.55795
2026-05-22 10:25:50,35.0,99.678,66.1,1728.68951
2026-05-22 10:26:40,35.0,99.671,63.8,1385.41425
2026-05-22 10:27:30,35.0,99.675,64.7,1855.26853
2026-05-22 10:28:20,35.0,99.667,65.7,1847.32605
2026-05-22 10:29:10,35.0,99.662,66.8,-10.14433
2026-05-22 10:30:00,35.0,99.657,63.6,-9.03005
2026-05-22 10:30:50,35.0,99.669,64.7,1557.48436
2026-05-22 10:31:40,35.0,99.667,64.3,1583.61607
2026-05-22 10:32:30,35.0,99.663,66.9,-12.14579
2026-05-22 10:33:20,35.0,99.669,64.2,1777.15913
2026-05-22 10:34:10,35.0,99.679,63.0,-2.67642
2026-05-22 10:35:00,35.0,99.667,65.1,316.71649
2026-05-22 10:35:50,35.1,99.674,66.7,1794.11159
2026-05-22 10:36:40,35.0,99.669,64.6,1814.5212
2026-05-22 10:37:30,35.0,99.661,65.2,351.43862
2026-05-22 10:38:20,35.0,99.662,65.4,1905.32972
2026-05-22 10:39:10,35.0,99.669,66.2,1939.82699
2026-05-22 10:40:00,35.0,99.668,63.9,1562.7004
2026-05-22 10:40:50,35.0,99.668,64.5,188.74071
2026-05-22 10:41:40,35.0,99.674,64.2,1392.01587
2026-05-22 10:42:30,35.0,99.667,63.2,-3.19726
2026-05-22 10:43:20,35.1,99.668,64.0,1880.75213
2026-05-22 10:44:10,35.1,99.666,66.8,1517.24655
2026-05-22 10:45:00,35.0,99.663,65.4,1485.74028
2026-05-22 10:45:50,35.0,99.672,63.7,1369.0808
2026-05-22 10:46:40,35.0,99.663,65.1,239.8018
2026-05-22 10:47:30,35.0,99.667,66.3,1907.33348
2026-05-22 10:48:20,35.0,99.664,63.1,1725.17165
2026-05-22 10:49:10,35.0,99.669,66.8,40.05401
2026-05-22 10:50:00,35.0,99.676,65.9,1483.75607
2026-05-22 10:50:50,35.0,99.673,65.9,-5.91844
2026-05-22 10:51:40,35.0,99.668,66.7,1824.44961
2026-05-22 10:52:30,35.0,99.667,67.6,1681.61528
2026-05-22 10:53:20,35.0,99.661,63.3,14.66937
2026-05-22 10:54:10,35.0,99.666,65.2,1841.05297
2026-05-22 10:55:00,35.0,99.675,67.2,-4.10854
2026-05-22 10:55:50,35.1,99.675,65.2,-4.218
2026-05-22 10:56:40,35.0,99.664,65.2,449.86386
2026-05-22 10:57:30,35.1,99.663,65.9,1898.2052
2026-05-22 10:58:20,35.0,99.667,65.8,377.0688
2026-05-22 10:59:10,35.1,99.669,63.9,1595.24377
2026-05-22 11:00:00,35.0,99.666,66.0,1814.13838
2026-05-22 11:00:50,35.0,99.667,65.6,-6.7548
2026-05-22 11:01:40,35.1,99.675,65.8,1742.61501
2026-05-22 11:02:30,35.0,99.665,66.7,-13.2127
2026-05-22 11:03:20,35.0,99.668,65.4,-4.02743
2026-05-22 11:04:10,35.1,99.676,64.0,-11.14363
2026-05-22 11:05:00,35.0,99.667,64.3,335.03154
2026-05-22 11:05:50,35.1,99.671,64.7,1701.16265
2026-05-22 11:06:40,35.0,99.662,64.2,233.41226
2026-05-22 11:07:30,35.0,99.665,65.6,-11.26764
2026-05-22 11:08:20,35.0,99.666,66.7,1653.08553
2026-05-22 11:09:10,35.0,99.664,65.7,1424.6726
2026-05-22 11:10:00,35.0,99.674,65.6,1693.81787
2026-05-22 11:10:50,35.0,99.673,62.5,1688.18291
2026-05-22 11:11:40,35.0,99.664,67.3,1715.13852
2026-05-22 11:12:30,35.0,99.665,65.4,-13.64026
2026-05-22 11:13:20,35.1,99.679,67.3,422.82946
2026-05-22 11:14:10,35.1,99.664,64.2,1612.29361
2026-05-22 11:15:00,35.0,99.665,65.1,1435.65885
2026-05-22 11:15:50,35.0,99.676,65.8,-5.92905
2026-05-22 11:16:40,35.0,99.672,65.1,1830.36346
2026-05-22 11:17:30,35.0,99.678,66.1,1582.33687
2026-05-22 11:18:20,35.0,99.663,65.3,1748.47455
2026-05-22 11:19:10,35.0,99.675,65.4,-13.30565
2026-05-22 11:20:00,35.1,99.672,65.0,1793.52262
2026-05-22 11:20:50,35.0,99.675,66.0,-13.19214
2026-05-22 11:21:40,35.0,99.664,64.9,-9.36606
2026-05-22 11:22:30,35.0,99.673,64.9,-12.90759
2026-05-22 11:23:20,35.0,99.666,65.4,1406.76413
2026-05-22 11:24:10,35.0,99.668,69.6,-2.80936
2026-05-22 11:25:00,35.0,99.668,65.8,-7.83439
2026-05-22 11:25:50,35.0,99.666,64.5,301.22455
2026-05-22 11:26:40,35.1,99.667,63.4,1884.76275
2026-05-22 11:27:30,35.0,99.667,66.0,1362.35283
2026-05-22 11:28:20,35.0,99.68,64.4,-7.56613
2026-05-22 11:29:10,35.0,99.665,64.6,1809.43808
2026-05-22 11:30:00,35.0,99.663,64.3,1831.63985
2026-05-22 11:30:50,35.0,99.672,65.8,-4.40281
2026-05-22 11:31:40,35.0,99.671,63.1,1506.88921
2026-05-22 11:32:30,35.0,99.674,65.5,1524.81493
2026-05-22 11:33:20,35.0,99.66,66.5,351.54379
2026-05-22 11:34:10,35.0,99.672,64.7,-10.07772
2026-05-22 11:35:00,35.0,99.671,64.0,108.97467
2026-05-22 11:35:50,35.0,99.66,62.9,1522.03317
2026-05-22 11:36:40,35.0,99.668,66.3,1788.4337
2026-05-22 11:37:30,35.0,99.673,64.8,1918.87918
2026-05-22 11:38:20,35.0,99.665,64.3,1856.74152
2026-05-22 11:39:10,35.0,99.669,67.3,48.75005
2026-05-22 11:40:00,35.1,99.675,65.7,1626.66865
2026-05-22 11:40:50,35.1,99.676,66.0,-7.09874
2026-05-22 11:41:40,35.0,99.668,66.1,1838.10514
2026-05-22 11:42:30,35.0,99.666,67.1,1636.73094
2026-05-22 11:43:20,35.1,99.67,66.1,-14.23098
2026-05-22 11:44:10,35.0,99.676,65.0,-5.9581
2026-05-22 11:45:00,35.0,99.66,66.6,1569.83562
2026-05-22 11:45:50,35.0,99.663,66.9,-14.65708
2026-05-22 11:46:40,35.0,99.669,65.3,1751.86402
2026-05-22 11:47:30,35.0,99.668,64.0,1637.02502
2026-05-22 11:48:20,34.9,99.673,64.0,1505.17939
2026-05-22 11:49:10,35.0,99.668,66.0,1770.41743
2026-05-22 11:50:00,35.1,99.673,65.0,-8.31434
2026-05-22 11:50:50,35.0,99.665,67.0,1793.08396
2026-05-22 11:51:40,35.0,99.668,64.5,1898.67909
2026-05-22 11:52:30,35.0,99.676,65.5,-5.15871
2026-05-22 11:53:20,35.0,99.68,65.7,-4.14799
2026-05-22 11:54:10,35.0,99.657,64.4,-9.83475
2026-05-22 11:55:00,35.1,99.665,64.9,1565.37226
2026-05-22 11:55:50,35.1,99.667,65.4,-5.20899
2026-05-22 11:56:40,35.0,99.663,64.4,1862.70218
2026-05-22 11:57:30,35.0,99.662,64.7,1388.85101
2026-05-22 11:58:20,35.1,99.656,64.8,1849.29913
2026-05-22 11:59:10,35.1,99.661,65.2,1868.12651
2026-05-22 12:00:00,35.0,99.663,65.4,-3.6912
2026-05-22 12:00:50,35.1,99.662,65.0,1551.1449
2026-05-22 12:01:40,35.0,99.669,65.5,1723.28821
2026-05-22 12:02:30,35.0,99.672,66.0,1709.64069
2026-05-22 12:03:20,35.0,99.667,65.5,1844.98615
2026-05-22 12:04:10,35.0,99.679,66.6,380.13359
2026-05-22 12:05:00,35.0,99.672,67.1,1919.44654
2026-05-22 12:05:50,35.0,99.663,64.5,1504.23985
2026-05-22 12:06:40,35.1,99.668,65.4,1730.53711
2026-05-22 12:07:30,35.0,99.666,63.9,414.20854
2026-05-22 12:08:20,35.0,99.666,66.5,169.6116
2026-05-22 12:09:10,35.1,99.67,66.8,1462.85467
2026-05-22 12:10:00,35.0,99.673,65.2,403.29424
2026-05-22 12:10:50,35.1,99.664,65.7,-4.44826
2026-05-22 12:11:40,35.1,99.67,65.6,-11.11944
2026-05-22 12:12:30,35.0,99.668,65.6,1354.09307
2026-05-22 12:13:20,35.1,99.667,65.7,115.76654
2026-05-22 12:14:10,35.0,99.669,65.0,1787.70313
2026-05-22 12:15:00,35.1,99.671,65.9,1774.24939
2026-05-22 12:15:50,35.0,99.671,67.7,1901.65896
2026-05-22 12:16:40,35.0,99.666,63.7,1884.19261
2026-05-22 12:17:30,34.9,99.671,64.6,-7.3677
2026-05-22 12:18:20,35.0,99.668,64.7,-11.1975
2026-05-22 12:19:10,35.0,99.67,66.9,-12.88707
2026-05-22 12:20:00,35.0,99.667,66.8,1718.98508
2026-05-22 12:20:50,35.1,99.671,64.6,235.13151
2026-05-22 12:21:40,35.0,99.673,65.3,1554.16208
2026-05-22 12:22:30,35.0,99.669,66.1,1468.32274
2026-05-22 12:23:20,35.0,99.667,64.6,-8.69539
2026-05-22 12:24:10,35.0,99.661,68.4,-11.36525
2026-05-22 12:25:00,35.0,99.669,66.0,1528.84424
2026-05-22 12:25:50,35.0,99.672,66.2,48.2218
2026-05-22 12:26:40,35.1,99.669,66.4,266.28853
2026-05-22 12:27:30,35.0,99.665,65.8,1402.51567
2026-05-22 12:28:20,35.1,99.661,67.5,-10.50437
2026-05-22 12:29:10,35.1,99.67,64.3,1693.99223
2026-05-22 12:30:00,35.0,99.663,65.0,-13.43843
2026-05-22 12:30:50,35.0,99.669,66.2,1747.11119
2026-05-22 12:31:40,35.1,99.672,65.7,1847.66449
2026-05-22 12:32:30,35.0,99.659,65.4,-3.63795
2026-05-22 12:33:20,35.0,99.67,65.4,-2.51095
2026-05-22 12:34:10,35.0,99.668,64.1,1905.46645
2026-05-22 12:35:00,35.0,99.668,66.0,-12.18252
2026-05-22 12:35:50,35.0,99.665,65.5,1446.58267
2026-05-22 12:36:40,35.0,99.671,64.0,1459.30047
2026-05-22 12:37:30,35.0,99.669,64.2,1621.94189
2026-05-22 12:38:20,35.1,99.674,65.4,-8.62103
2026-05-22 12:39:10,35.0,99.671,66.9,76.30347
2026-05-22 12:40:00,34.9,99.671,65.4,1750.97517
2026-05-22 12:40:50,35.0,99.66,65.8,-2.67112
2026-05-22 12:41:40,35.0,99.659,65.0,1461.82041
2026-05-22 12:42:30,35.1,99.663,66.2,-13.95478
2026-05-22 12:43:20,35.1,99.665,63.4,1890.89508
2026-05-22 12:44:10,35.0,99.659,66.8,1585.72438
2026-05-22 12:45:00,35.0,99.677,65.9,1470.33974
2026-05-22 12:45:50,35.0,99.669,66.9,204.76339
2026-05-22 12:46:40,35.0,99.657,65.2,1684.57959
2026-05-22 12:47:30,35.0,99.667,65.8,-13.84821
2026-05-22 12:48:20,35.0,99.672,65.6,-13.5972
2026-05-22 12:49:10,35.1,99.673,65.4,-7.16028
2026-05-22 12:50:00,35.1,99.666,64.0,1723.70469
2026-05-22 12:50:50,35.0,99.67,65.3,-8.84064
2026-05-22 12:51:40,35.0,99.675,64.7,1740.74284
2026-05-22 12:52:30,35.0,99.673,65.8,1656.8952
2026-05-22 12:53:20,35.0,99.657,63.6,-5.3501
2026-05-22 12:54:10,35.1,99.667,65.4,1886.8628
2026-05-22 12:55:00,35.0,99.676,63.9,1528.39115
2026-05-22 12:55:50,35.0,99.673,65.1,1631.13218
2026-05-22 12:56:40,35.0,99.676,64.7,-3.31509
2026-05-22 12:57:30,35.0,99.662,65.8,1648.52362
2026-05-22 12:58:20,35.0,99.662,64.5,1767.89528
2026-05-22 12:59:10,35.0,99.679,65.3,-12.16451
2026-05-22 13:00:00,35.0,99.665,65.7,1829.24911
2026-05-22 13:00:50,35.0,99.677,65.4,1400.18906
2026-05-22 13:01:40,35.0,99.664,63.7,-5.99418
2026-05-22 13:02:30,35.0,99.664,66.2,1537.70295
2026-05-22 13:03:20,35.1,99.667,65.8,-8.95206
2026-05-22 13:04:10,35.1,99.663,65.4,1432.56083
2026-05-22 13:05:00,35.0,99.676,65.1,-13.9896
2026-05-22 13:05:50,35.0,99.674,64.6,-9.62412
2026-05-22 13:06:40,35.0,99.669,65.1,-3.54823
2026-05-22 13:07:30,35.1,99.673,64.6,1754.84742
2026-05-22 13:08:20,35.0,99.672,67.1,1624.60177
2026-05-22 13:09:10,35.1,99.676,65.9,-13.67343
2026-05-22 13:10:00,35.0,99.658,65.4,1680.8941
2026-05-22 13:10:50,35.0,99.668,65.1,1418.56589
2026-05-22 13:11:40,35.0,99.671,64.9,298.98028
2026-05-22 13:12:30,34.9,99.664,64.9,1838.39665
2026-05-22 13:13:20,35.0,99.674,63.2,-5.03226
2026-05-22 13:14:10,35.0,99.66,67.0,-8.75237
2026-05-22 13:15:00,35.1,99.676,64.9,1459.84013
2026-05-22 13:15:50,35.0,99.663,64.5,-12.87177
2026-05-22 13:16:40,35.0,99.671,64.0,1939.30874
2026-05-22 13:17:30,35.1,99.667,64.3,345.18843
2026-05-22 13:18:20,35.0,99.67,64.6,-8.2874
2026-05-22 13:19:10,35.0,99.661,63.5,-11.64617
2026-05-22 13:20:00,35.0,99.664,64.0,1913.03003
2026-05-22 13:20:50,35.0,99.665,65.5,-6.61758
2026-05-22 13:21:40,35.0,99.666,64.8,-9.4932
2026-05-22 13:22:30,35.0,99.669,67.1,1436.7674
2026-05-22 13:23:20,35.0,99.675,65.1,179.53057
2026-05-22 13:24:10,35.0,99.662,64.8,-4.76323
2026-05-22 13:25:00,35.0,99.675,65.2,1634.76497
2026-05-22 13:25:50,35.1,99.671,66.2,-4.65366
2026-05-22 13:26:40,35.1,99.673,66.2,1625.28132
2026-05-22 13:27:30,35.0,99.677,66.0,247.30791
2026-05-22 13:28:20,35.0,99.672,65.2,-13.75174
2026-05-22 13:29:10,35.0,99.662,65.5,1922.95022
2026-05-22 13:30:00,35.1,99.663,65.7,1524.43042
2026-05-22 13:30:50,35.1,99.672,64.8,62.08182
2026-05-22 13:31:40,35.1,99.679,65.7,-7.87772
2026-05-22 13:32:30,35.0,99.672,65.4,-8.80652
2026-05-22 13:33:20,35.0,99.68,66.0,1477.08712
2026-05-22 13:34:10,35.1,99.667,64.6,-3.62422
2026-05-22 13:35:00,35.0,99.661,65.4,-10.91276
2026-05-22 13:35:50,35.0,99.663,67.3,-14.1
2026-05-22 13:36:40,35.0,99.673,65.1,-8.47267
2026-05-22 13:37:30,35.0,99.664,65.3,-12.36318
2026-05-22 13:38:20,35.0,99.666,65.1,1753.5481
2026-05-22 13:39:10,35.0,99.668,65.8,-12.08827
2026-05-22 13:40:00,35.0,99.662,63.5,1627.87249
2026-05-22 13:40:50,35.1,99.666,66.6,-6.56517
2026-05-22 13:41:40,35.1,99.667,65.6,1839.52577
2026-05-22 13:42:30,35.0,99.667,66.2,1548.58392
2026-05-22 13:43:20,35.0,99.671,67.6,1418.32099
2026-05-22 13:44:10,35.0,99.667,66.0,115.4608
2026-05-22 13:45:00,35.0,99.671,65.9,1462.00098
2026-05-22 13:45:50,35.0,99.666,63.9,-7.02653
2026-05-22 13:46:40,35.0,99.671,66.3,-11.13241
2026-05-22 13:47:30,35.0,99.673,65.5,1387.72499
2026-05-22 13:48:20,35.1,99.662,65.3,-6.39205
2026-05-22 13:49:10,35.0,99.665,64.5,1793.13015
2026-05-22 13:50:00,35.1,99.663,64.5,-5.43835
2026-05-22 13:50:50,35.0,99.664,65.4,1357.00345
2026-05-22 13:51:40,35.1,99.663,64.7,-11.5732
2026-05-22 13:52:30,35.0,99.673,64.8,1896.86985
2026-05-22 13:53:20,35.0,99.664,65.9,1708.31458
2026-05-22 13:54:10,35.1,99.656,63.8,-10.31998
2026-05-22 13:55:00,35.0,99.667,67.0,1866.92698
2026-05-22 13:55:50,35.1,99.673,64.2,1442.1808
2026-05-22 13:56:40,35.0,99.668,66.6,171.50992
2026-05-22 13:57:30,35.0,99.671,65.1,1639.39769
2026-05-22 13:58:20,35.0,99.67,63.4,1495.12196
2026-05-22 13:59:10,34.9,99.659,65.8,-13.88834
2026-05-22 14:00:00,35.0,99.669,66.7,1824.52215
2026-05-22 14:00:50,35.0,99.671,65.1,-2.96625
2026-05-22 14:01:40,35.0,99.664,66.0,1500.53605
2026-05-22 14:02:30,35.0,99.662,63.7,382.77024
2026-05-22 14:03:20,35.0,99.667,65.9,1812.71868
2026-05-22 14:04:10,35.0,99.668,65.1,342.95288
2026-05-22 14:05:00,35.0,99.665,64.9,423.62892
2026-05-22 14:05:50,35.0,99.655,64.7,1435.866
2026-05-22 14:06:40,35.0,99.669,66.9,1491.64409
2026-05-22 14:07:30,35.0,99.668,66.2,1488.30528
2026-05-22 14:08:20,35.0,99.668,64.9,-11.40897
2026-05-22 14:09:10,35.1,99.674,63.7,1483.36684
2026-05-22 14:10:00,35.0,99.662,64.5,-7.29917
2026-05-22 14:10:50,35.0,99.662,66.0,-14.36455
2026-05-22 14:11:40,35.0,99.676,65.5,125.23793
2026-05-22 14:12:30,35.0,99.672,66.4,1744.73671
2026-05-22 14:13:20,35.1,99.66,63.5,1689.83086
2026-05-22 14:14:10,35.0,99.679,66.4,125.34615
2026-05-22 14:15:00,35.0,99.67,64.8,-13.31643
2026-05-22 14:15:50,35.1,99.66,65.2,1628.52601
2026-05-22 14:16:40,35.0,99.67,65.8,-6.32583
2026-05-22 14:17:30,35.1,99.664,66.0,1822.90922
2026-05-22 14:18:20,35.0,99.662,64.7,1614.14475
2026-05-22 14:19:10,35.0,99.675,66.3,-8.20945
2026-05-22 14:20:00,35.0,99.668,65.7,-5.91476
2026-05-22 14:20:50,35.0,99.671,64.2,-9.58818
2026-05-22 14:21:40,35.0,99.663,64.2,-14.36896
2026-05-22 14:22:30,35.1,99.666,63.5,-13.69461
2026-05-22 14:23:20,35.0,99.672,66.5,-3.56535
2026-05-22 14:24:10,35.0,99.671,65.1,-13.67217
2026-05-22 14:25:00,35.1,99.66,66.2,77.70588
2026-05-22 14:25:50,35.0,99.676,66.6,-6.48558
2026-05-22 14:26:40,35.0,99.674,65.4,-9.89729
2026-05-22 14:27:30,35.0,99.676,64.2,1731.75533
2026-05-22 14:28:20,35.0,99.668,64.7,1588.19751
2026-05-22 14:29:10,35.0,99.671,67.1,1567.19527
2026-05-22 14:30:00,35.0,99.663,65.0,-4.22437
2026-05-22 14:30:50,35.0,99.66,64.3,-9.81271
2026-05-22 14:31:40,35.1,99.665,66.0,-10.21994
2026-05-22 14:32:30,35.0,99.665,64.9,1493.47534
2026-05-22 14:33:20,35.0,99.67,63.8,1739.99968
2026-05-22 14:34:10,35.1,99.668,65.1,-9.44766
2026-05-22 14:35:00,35.0,99.666,66.8,1499.64924
2026-05-22 14:35:50,35.0,99.664,64.8,-3.82018
2026-05-22 14:36:40,35.1,99.665,64.5,-14.33527
2026-05-22 14:37:30,35.0,99.654,63.9,-10.45328
2026-05-22 14:38:20,35.0,99.668,65.5,-7.66755
2026-05-22 14:39:10,35.0,99.668,64.1,262.6631
2026-05-22 14:40:00,35.0,99.675,63.9,1895.02851
2026-05-22 14:40:50,35.1,99.666,63.7,1477.71984
2026-05-22 14:41:40,35.0,99.675,64.4,-3.78574
2026-05-22 14:42:30,34.9,99.663,65.0,-3.58225
2026-05-22 14:43:20,35.0,99.666,63.7,1916.36588
2026-05-22 14:44:10,35.0,99.672,65.4,-4.0811
2026-05-22 14:45:00,35.0,99.67,64.8,82.3046
2026-05-22 14:45:50,35.0,99.67,63.1,1529.65474
2026-05-22 14:46:40,35.1,99.67,64.0,-5.76396
2026-05-22 14:47:30,35.1,99.678,66.3,-6.75104
2026-05-22 14:48:20,35.0,99.676,63.5,-11.68842
2026-05-22 14:49:10,35.1,99.664,63.9,-4.34917
2026-05-22 14:50:00,35.0,99.664,63.9,-13.38328
2026-05-22 14:50:50,35.1,99.665,67.2,1561.33799
2026-05-22 14:51:40,35.1,99.67,64.0,-3.65763
2026-05-22 14:52:30,35.0,99.667,64.7,-2.70031
2026-05-22 14:53:20,35.0,99.667,64.9,433.91651
2026-05-22 14:54:10,35.0,99.67,63.4,-10.26464
2026-05-22 14:55:00,35.0,99.667,64.6,1809.47722
2026-05-22 14:55:50,35.0,99.674,64.5,1800.45712
2026-05-22 14:56:40,35.0,99.667,65.4,-13.87967
2026-05-22 14:57:30,35.0,99.681,63.8,1572.82983
2026-05-22 14:58:20,35.0,99.671,64.9,1877.93308
2026-05-22 14:59:10,35.0,99.679,66.8,-13.08927
2026-05-22 15:00:00,35.0,99.672,64.3,-7.67684
2026-05-22 15:00:50,35.0,99.67,65.6,-14.70688
2026-05-22 15:01:40,35.0,99.673,65.1,-7.56584
2026-05-22 15:02:30,35.0,99.664,65.3,1656.83993
2026-05-22 15:03:20,35.1,99.662,64.6,1547.02026
2026-05-22 15:04:10,35.0,99.67,64.8,1514.22119
2026-05-22 15:05:00,35.1,99.677,64.8,-2.90274
2026-05-22 15:05:50,35.0,99.665,64.0,1467.22441
2026-05-22 15:06:40,35.0,99.671,66.5,-7.41501
2026-05-22 15:07:30,35.0,99.675,66.4,-4.73034
2026-05-22 15:08:20,35.0,99.671,64.6,-5.48993
2026-05-22 15:09:10,35.0,99.67,64.8,1836.07853
2026-05-22 15:10:00,35.0,99.683,66.3,-2.67027
2026-05-22 15:10:50,35.1,99.662,64.4,1434.2884
2026-05-22 15:11:40,35.0,99.669,64.9,-6.32565
2026-05-22 15:12:30,35.1,99.669,63.7,1578.26246
2026-05-22 15:13:20,35.0,99.663,66.1,385.07808
2026-05-22 15:14:10,35.0,99.668,66.7,1870.10691
2026-05-22 15:15:00,35.0,99.676,66.8,1444.76154
2026-05-22 15:15:50,35.1,99.66,62.9,1665.29924
2026-05-22 15:16:40,35.0,99.672,66.2,1693.05132
2026-05-22 15:17:30,35.1,99.677,66.9,-10.75455
2026-05-22 15:18:20,35.0,99.671,66.6,-3.56594
2026-05-22 15:19:10,35.1,99.665,65.7,-4.53374
2026-05-22 15:20:00,35.0,99.671,65.2,1797.84033
2026-05-22 15:20:50,35.1,99.673,65.3,1413.86124
2026-05-22 15:21:40,35.0,99.67,63.8,-11.78999
2026-05-22 15:22:30,35.0,99.671,64.3,-9.94454
2026-05-22 15:23:20,35.0,99.665,64.7,-7.72912
2026-05-22 15:24:10,35.0,99.66,64.9,-10.61931
2026-05-22 15:25:00,35.1,99.67,67.1,-3.39772
2026-05-22 15:25:50,35.0,99.665,65.3,1357.22474
2026-05-22 15:26:40,35.0,99.664,65.6,1918.36844
2026-05-22 15:27:30,35.0,99.669,65.0,1691.68203
2026-05-22 15:28:20,35.0,99.667,64.5,-5.154
2026-05-22 15:29:10,35.0,99.677,64.4,1906.15549
2026-05-22 15:30:00,34.9,99.664,65.0,-14.1771
2026-05-22 15:30:50,35.0,99.673,65.0,-7.48145
2026-05-22 15:31:40,35.0,99.666,64.4,-9.54694
2026-05-22 15:32:30,35.0,99.675,64.4,-11.87883
2026-05-22 15:33:20,35.0,99.67,66.7,1845.29517
2026-05-22 15:34:10,35.1,99.664,65.4,331.23728
2026-05-22 15:35:00,35.0,99.679,65.7,1861.52389
2026-05-22 15:35:50,35.0,99.679,64.4,1871.17658
2026-05-22 15:36:40,35.0,99.665,66.8,-5.95836
2026-05-22 15:37:30,35.0,99.666,63.9,1875.47846
2026-05-22 15:38:20,35.1,99.661,64.3,-13.53636
2026-05-22 15:39:10,35.0,99.668,65.3,-3.91044
2026-05-22 15:40:00,35.0,99.665,64.1,-8.17881
2026-05-22 15:40:50,35.0,99.657,66.8,-12.47163
2026-05-22 15:41:40,35.0,99.674,66.9,329.77499
2026-05-22 15:42:30,35.0,99.667,64.2,-12.66245
2026-05-22 15:43:20,35.1,99.675,65.8,77.65514
2026-05-22 15:44:10,35.0,99.668,67.1,-13.37786
2026-05-22 15:45:00,35.0,99.679,65.8,1441.72051
2026-05-22 15:45:50,35.0,99.66,64.4,169.20413
2026-05-22 15:46:40,35.0,99.665,66.3,1751.96046
2026-05-22 15:47:30,35.0,99.666,65.3,-7.63192
2026-05-22 15:48:20,35.0,99.671,65.7,-3.1691
2026-05-22 15:49:10,35.0,99.666,65.0,1827.80831
2026-05-22 15:50:00,35.0,99.667,66.0,1706.49052
2026-05-22 15:50:50,35.0,99.67,64.9,-4.82811
2026-05-22 15:51:40,35.1,99.667,66.8,1861.98016
2026-05-22 15:52:30,35.0,99.669,66.7,1698.10752
2026-05-22 15:53:20,35.0,99.663,68.2,241.07593
2026-05-22 15:54:10,35.0,99.676,64.5,1648.161
2026-05-22 15:55:00,35.0,99.669,66.8,1891.01468
2026-05-22 15:55:50,35.1,99.669,65.7,-8.80809
2026-05-22 15:56:40,35.0,99.676,65.7,1536.97603
2026-05-22 15:57:30,35.0,99.666,64.1,-13.64147
2026-05-22 15:58:20,35.1,99.665,64.3,-4.6217
2026-05-22 15:59:10,35.0,99.664,64.6,-8.0032
2026-05-22 16:00:00,35.0,99.67,65.5,1388.75473
2026-05-22 16:00:50,35.0,99.67,66.4,1551.45394
2026-05-22 16:01:40,34.9,99.667,65.8,139.35101
2026-05-22 16:02:30,35.0,99.677,65.9,-12.68402
2026-05-22 16:03:20,35.0,99.665,63.1,-7.19928
2026-05-22 16:04:10,35.0,99.672,64.8,-10.01953
2026-05-22 16:05:00,35.0,99.667,64.9,1658.43346
2026-05-22 16:05:50,35.0,99.664,63.5,-5.37013
2026-05-22 16:06:40,35.1,99.68,64.7,412.81727
2026-05-22 16:07:30,35.0,99.668,66.1,-14.59659
2026-05-22 16:08:20,35.0,99.667,65.2,348.29307
2026-05-22 16:09:10,35.1,99.661,66.3,1841.06241
2026-05-22 16:10:00,35.0,99.682,64.2,1617.74376
2026-05-22 16:10:50,35.0,99.663,63.8,1911.23259
2026-05-22 16:11:40,35.0,99.665,66.0,1597.02868
2026-05-22 16:12:30,35.0,99.671,66.1,-4.77688
2026-05-22 16:13:20,35.1,99.668,65.7,1837.81389
2026-05-22 16:14:10,35.0,99.664,64.6,1602.75552
2026-05-22 16:15:00,35.0,99.674,64.5,1373.41978
2026-05-22 16:15:50,35.0,99.674,65.7,1753.76534
2026-05-22 16:16:40,35.0,99.665,64.5,1931.18728
2026-05-22 16:17:30,35.0,99.657,64.8,1647.02868
2026-05-22 16:18:20,35.0,99.673,64.2,1568.01531
2026-05-22 16:19:10,35.0,99.669,64.8,1636.15642
2026-05-22 16:20:00,35.0,99.667,65.5,-14.4813
2026-05-22 16:20:50,35.0,99.682,65.2,1566.31473
2026-05-22 16:21:40,35.0,99.675,63.4,-13.71977
2026-05-22 16:22:30,35.0,99.671,65.2,1372.53118
2026-05-22 16:23:20,35.1,99.659,68.2,-9.9827
2026-05-22 16:24:10,35.0,99.669,65.0,-12.51735
2026-05-22 16:25:00,35.0,99.67,66.3,1675.84241
2026-05-22 16:25:50,35.1,99.672,65.9,1466.77099
2026-05-22 16:26:40,35.0,99.664,67.1,-3.2496
2026-05-22 16:27:30,35.0,99.665,65.0,1573.80021
2026-05-22 16:28:20,35.0,99.673,63.4,-8.5818
2026-05-22 16:29:10,35.0,99.675,64.9,-13.12179
2026-05-22 16:30:00,35.0,99.666,64.9,1505.41765
2026-05-22 16:30:50,35.0,99.668,65.7,-5.71158
2026-05-22 16:31:40,35.0,99.664,66.0,56.61766
2026-05-22 16:32:30,35.0,99.668,64.3,-9.10393
2026-05-22 16:33:20,35.1,99.661,66.3,1545.19427
2026-05-22 16:34:10,35.0,99.669,64.9,1608.14898
2026-05-22 16:35:00,35.0,99.668,64.8,298.26815
2026-05-22 16:35:50,35.1,99.676,66.2,-11.22547
2026-05-22 16:36:40,35.0,99.669,65.5,1665.87855
2026-05-22 16:37:30,35.0,99.663,64.1,316.9256
2026-05-22 16:38:20,35.0,99.66,64.7,1459.7994
2026-05-22 16:39:10,35.0,99.67,65.1,-10.50896
2026-05-22 16:40:00,35.0,99.672,66.7,1463.59551
2026-05-22 16:40:50,35.0,99.669,66.2,57.30445
2026-05-22 16:41:40,35.1,99.67,64.7,-14.07255
2026-05-22 16:42:30,35.1,99.663,64.3,1642.98168
2026-05-22 16:43:20,35.0,99.669,64.7,-9.90998
2026-05-22 16:44:10,35.0,99.673,65.1,-10.92394
2026-05-22 16:45:00,35.0,99.657,66.7,1577.88946
2026-05-22 16:45:50,35.0,99.672,65.8,15.30681
2026-05-22 16:46:40,34.9,99.672,66.4,-14.15696
2026-05-22 16:47:30,35.0,99.67,64.3,1590.67988
2026-05-22 16:48:20,35.0,99.671,66.7,-4.34658
2026-05-22 16:49:10,35.1,99.674,65.3,1891.35787
2026-05-22 16:50:00,35.1,99.668,64.9,-14.1318
2026-05-22 16:50:50,35.1,99.672,65.7,1527.22425
2026-05-22 16:51:40,35.0,99.669,63.4,-4.19976
2026-05-22 16:52:30,35.0,99.671,65.2,1456.327
2026-05-22 16:53:20,35.0,99.669,65.8,1775.10404
2026-05-22 16:54:10,35.0,99.664,64.7,168.70686
2026-05-22 16:55:00,35.0,99.666,63.8,-8.66078
2026-05-22 16:55:50,35.0,99.671,63.9,1864.97965
2026-05-22 16:56:40,35.0,99.666,65.7,1836.34297
2026-05-22 16:57:30,35.0,99.665,65.5,-7.90772
2026-05-22 16:58:20,35.0,99.671,67.4,-5.77259
2026-05-22 16:59:10,35.0,99.668,66.9,1631.44918
2026-05-22 17:00:00,35.0,99.677,65.9,1667.55707
2026-05-22 17:00:50,35.0,99.664,65.7,1693.88628
2026-05-22 17:01:40,35.0,99.667,64.4,1813.50185
2026-05-22 17:02:30,35.0,99.663,65.2,-14.25357
2026-05-22 17:03:20,35.0,99.677,65.8,1471.89345
2026-05-22 17:04:10,34.9,99.669,64.6,1667.17128
2026-05-22 17:05:00,35.1,99.667,67.4,1602.18176
2026-05-22 17:05:50,35.0,99.663,66.2,1601.65351
2026-05-22 17:06:40,35.0,99.662,65.4,372.48446
2026-05-22 17:07:30,35.0,99.669,62.4,1521.83077
2026-05-22 17:08:20,34.9,99.666,66.7,77.15194
2026-05-22 17:09:10,35.1,99.665,63.3,-5.02486
2026-05-22 17:10:00,35.0,99.673,64.3,1864.37054
2026-05-22 17:10:50,35.1,99.673,64.9,1539.91307
2026-05-22 17:11:40,35.0,99.675,64.4,1527.98405
2026-05-22 17:12:30,35.1,99.665,65.2,-6.52891
2026-05-22 17:13:20,35.0,99.668,63.4,1573.67757
2026-05-22 17:14:10,35.0,99.673,64.8,-9.64613
2026-05-22 17:15:00,35.0,99.663,67.2,-3.87981
2026-05-22 17:15:50,35.0,99.656,64.8,1827.67217
2026-05-22 17:16:40,35.0,99.668,65.3,1569.35972
2026-05-22 17:17:30,35.1,99.662,64.2,1617.21189
2026-05-22 17:18:20,35.0,99.661,65.3,374.68872
2026-05-22 17:19:10,35.0,99.667,66.3,1900.59025
2026-05-22 17:20:00,35.1,99.668,65.3,1830.89619
2026-05-22 17:20:50,35.1,99.657,65.7,-12.56032
2026-05-22 17:21:40,35.0,99.673,66.1,-4.40984
2026-05-22 17:22:30,35.0,99.662,65.4,-8.61115
2026-05-22 17:23:20,35.0,99.668,63.8,1371.17551
2026-05-22 17:24:10,35.0,99.658,64.2,1802.06167
2026-05-22 17:25:00,35.0,99.666,64.5,166.90004
2026-05-22 17:25:50,35.0,99.666,65.4,1864.72185
2026-05-22 17:26:40,35.0,99.674,64.6,-7.2265
2026-05-22 17:27:30,35.0,99.668,63.0,1610.50802
2026-05-22 17:28:20,34.9,99.674,62.8,-5.9148
2026-05-22 17:29:10,35.1,99.669,63.5,-9.9109
2026-05-22 17:30:00,35.0,99.67,64.3,252.64748
2026-05-22 17:30:50,35.1,99.672,66.4,1894.89799
2026-05-22 17:31:40,34.9,99.669,65.2,1744.21035
2026-05-22 17:32:30,35.1,99.665,66.6,-10.57236
2026-05-22 17:33:20,35.0,99.668,65.3,177.9866
2026-05-22 17:34:10,35.0,99.666,67.0,-13.12304
2026-05-22 17:35:00,35.0,99.666,64.3,1626.14964
2026-05-22 17:35:50,35.0,99.671,64.5,1837.65449
2026-05-22 17:36:40,35.0,99.667,64.7,1521.69312
2026-05-22 17:37:30,35.0,99.673,65.4,-8.92968
2026-05-22 17:38:20,35.1,99.664,64.0,1856.26456
2026-05-22 17:39:10,35.0,99.673,64.5,1811.77905
2026-05-22 17:40:00,35.0,99.674,66.0,-13.75408
2026-05-22 17:40:50,35.1,99.669,64.2,-14.18887
2026-05-22 17:41:40,35.0,99.655,64.7,1784.76336
2026-05-22 17:42:30,35.1,99.667,64.6,263.07581
2026-05-22 17:43:20,35.0,99.68,65.2,-9.57369
2026-05-22 17:44:10,34.9,99.673,64.3,1469.54073
2026-05-22 17:45:00,35.0,99.667,65.1,-14.15404
2026-05-22 17:45:50,35.0,99.657,63.6,1499.85006
2026-05-22 17:46:40,35.0,99.659,64.6,-3.5362
2026-05-22 17:47:30,35.0,99.667,66.0,-3.26849
2026-05-22 17:48:20,35.0,99.662,65.2,-14.38733
2026-05-22 17:49:10,35.1,99.665,65.9,1412.0934
2026-05-22 17:50:00,35.0,99.659,65.7,-3.63567
2026-05-22 17:50:50,35.1,99.676,66.3,1622.44564
2026-05-22 17:51:40,35.1,99.661,65.0,1855.88409
2026-05-22 17:52:30,35.0,99.664,64.7,1512.00926
2026-05-22 17:53:20,35.0,99.671,62.2,1860.62272
2026-05-22 17:54:10,35.0,99.665,64.6,-7.22951
2026-05-22 17:55:00,35.0,99.67,63.7,-6.57451
2026-05-22 17:55:50,35.0,99.66,64.3,-12.7301
2026-05-22 17:56:40,35.0,99.665,64.1,409.65149
2026-05-22 17:57:30,35.0,99.664,65.2,-11.44883
2026-05-22 17:58:20,35.0,99.666,63.4,-4.21409
2026-05-22 17:59:10,35.0,99.681,65.0,-4.38845
2026-05-22 18:00:00,35.0,99.663,66.5,1527.57077
2026-05-22 18:00:50,35.0,99.662,64.7,-3.4454
2026-05-22 18:01:40,34.9,99.668,65.0,167.66595
2026-05-22 18:02:30,35.1,99.673,66.2,220.7639
2026-05-22 18:03:20,35.1,99.665,64.1,-9.01239
2026-05-22 18:04:10,35.0,99.658,63.0,1449.64655
2026-05-22 18:05:00,35.1,99.665,64.0,1819.50943
2026-05-22 18:05:50,34.9,99.666,64.0,324.00581
2026-05-22 18:06:40,35.0,99.669,64.1,1875.68592
2026-05-22 18:07:30,35.0,99.671,66.8,-6.37644
2026-05-22 18:08:20,35.0,99.666,64.5,1854.30447
2026-05-22 18:09:10,35.0,99.666,66.2,-12.3399
2026-05-22 18:10:00,35.0,99.667,64.0,1363.10947
2026-05-22 18:10:50,34.9,99.666,65.2,297.37869
2026-05-22 18:11:40,35.1,99.68,65.1,-9.33561
2026-05-22 18:12:30,35.1,99.666,65.0,1717.49687
2026-05-22 18:13:20,35.0,99.66,64.7,-14.68742
2026-05-22 18:14:10,35.0,99.664,65.3,-8.93664
2026-05-22 18:15:00,35.0,99.672,63.3,1525.30177
2026-05-22 18:15:50,35.0,99.672,64.7,1386.47325
2026-05-22 18:16:40,35.1,99.669,64.9,1471.75603
2026-05-22 18:17:30,35.1,99.664,67.1,-12.30631
2026-05-22 18:18:20,35.0,99.673,64.1,-8.26377
2026-05-22 18:19:10,35.0,99.662,62.8,-14.32216
2026-05-22 18:20:00,35.0,99.674,66.9,-2.74472
2026-05-22 18:20:50,35.0,99.664,66.7,-6.73509
2026-05-22 18:21:40,35.1,99.671,64.7,1691.61949
2026-05-22 18:22:30,35.0,99.675,64.6,1920.69028
2026-05-22 18:23:20,35.0,99.667,65.0,1787.4952
2026-05-22 18:24:10,35.0,99.666,63.1,-12.63922
2026-05-22 18:25:00,35.1,99.673,65.8,-11.16455
2026-05-22 18:25:50,35.0,99.665,62.1,1508.36737
2026-05-22 18:26:40,35.0,99.664,64.3,1650.66114
2026-05-22 18:27:30,35.0,99.667,63.4,-6.76675
2026-05-22 18:28:20,35.0,99.662,67.0,-5.403
2026-05-22 18:29:10,35.1,99.663,65.3,1762.82525
2026-05-22 18:30:00,34.9,99.668,66.2,58.54664
2026-05-22 18:30:50,35.1,99.664,67.3,1565.60346
2026-05-22 18:31:40,35.0,99.658,65.6,-8.16944
2026-05-22 18:32:30,35.1,99.676,66.0,1365.94993
2026-05-22 18:33:20,35.0,99.679,64.0,1591.91078
2026-05-22 18:34:10,34.9,99.669,66.6,1554.8315
2026-05-22 18:35:00,35.0,99.676,67.2,-8.5013
2026-05-22 18:35:50,35.1,99.674,64.8,1472.89634
2026-05-22 18:36:40,35.0,99.672,64.7,116.06141
2026-05-22 18:37:30,35.1,99.667,64.6,1578.72675
2026-05-22 18:38:20,35.0,99.667,66.1,1350.91478
2026-05-22 18:39:10,35.1,99.668,64.8,1763.22634
2026-05-22 18:40:00,35.0,99.665,65.9,-11.48891
2026-05-22 18:40:50,35.0,99.661,64.7,339.0635
2026-05-22 18:41:40,35.0,99.667,64.6,-6.10282
2026-05-22 18:42:30,35.1,99.686,66.8,1523.79499
2026-05-22 18:43:20,35.0,99.662,65.5,-14.49374
2026-05-22 18:44:10,35.0,99.662,65.0,-14.65569
2026-05-22 18:45:00,35.1,99.666,65.3,1415.90605
2026-05-22 18:45:50,35.0,99.67,66.1,1720.24048
2026-05-22 18:46:40,35.0,99.669,65.0,1688.31902
2026-05-22 18:47:30,35.1,99.668,64.4,1864.32139
2026-05-22 18:48:20,35.1,99.667,63.6,1758.57287
2026-05-22 18:49:10,35.0,99.662,63.0,-2.66318
2026-05-22 18:50:00,35.0,99.673,65.0,1475.13059
2026-05-22 18:50:50,35.0,99.663,64.0,1424.78737
2026-05-22 18:51:40,35.0,99.665,65.2,1530.94444
2026-05-22 18:52:30,35.0,99.659,65.7,73.31449
2026-05-22 18:53:20,35.0,99.676,63.1,-9.82928
2026-05-22 18:54:10,35.0,99.657,65.7,-8.34008
2026-05-22 18:55:00,35.1,99.675,65.1,1495.67711
2026-05-22 18:55:50,35.0,99.673,65.5,-12.07929
2026-05-22 18:56:40,35.0,99.666,64.2,-13.54576
2026-05-22 18:57:30,35.0,99.668,66.1,-6.50568
2026-05-22 18:58:20,35.1,99.67,65.1,-6.77004
2026-05-22 18:59:10,35.1,99.666,68.9,1928.94026
2026-05-22 19:00:00,35.0,99.67,63.5,178.70106
2026-05-22 19:00:50,35.0,99.661,62.7,275.20563
2026-05-22 19:01:40,35.0,99.667,64.5,-14.00164
2026-05-22 19:02:30,35.0,99.673,66.0,-7.28964
2026-05-22 19:03:20,35.0,99.661,66.2,-8.73264
2026-05-22 19:04:10,35.1,99.68,66.0,257.02519
2026-05-22 19:05:00,35.1,99.67,64.7,-12.68585
2026-05-22 19:05:50,34.9,99.664,64.3,1611.96295
2026-05-22 19:06:40,35.0,99.671,64.9,1374.64806
2026-05-22 19:07:30,35.1,99.676,65.7,1481.72551
2026-05-22 19:08:20,35.1,99.67,65.3,280.54209
2026-05-22 19:09:10,35.1,99.666,65.2,1908.63585
2026-05-22 19:10:00,35.1,99.655,66.5,-9.45035
2026-05-22 19:10:50,35.1,99.666,65.1,-8.20182
2026-05-22 19:11:40,35.0,99.665,66.5,1525.11156
2026-05-22 19:12:30,35.0,99.664,66.5,1400.96481
2026-05-22 19:13:20,35.1,99.673,64.7,1807.50807
2026-05-22 19:14:10,34.9,99.671,64.7,-3.92931
2026-05-22 19:15:00,35.0,99.665,64.2,-14.13365
2026-05-22 19:15:50,35.0,99.663,66.4,-5.9651
2026-05-22 19:16:40,35.0,99.667,65.2,1630.44925
2026-05-22 19:17:30,35.0,99.665,66.9,1733.46268
2026-05-22 19:18:20,35.0,99.668,67.7,-11.72266
2026-05-22 19:19:10,35.0,99.669,65.1,-6.89411
2026-05-22 19:20:00,35.0,99.661,66.0,1854.47608
2026-05-22 19:20:50,35.0,99.67,66.9,1450.54841
2026-05-22 19:21:40,35.0,99.669,66.3,-6.86977
2026-05-22 19:22:30,35.1,99.669,66.2,1688.0708
2026-05-22 19:23:20,35.0,99.675,65.9,-9.05922
2026-05-22 19:24:10,35.0,99.666,65.0,146.58712
2026-05-22 19:25:00,35.1,99.669,64.7,1773.55048
2026-05-22 19:25:50,35.0,99.662,65.7,1494.34547
2026-05-22 19:26:40,35.0,99.659,65.6,1800.80995
2026-05-22 19:27:30,35.1,99.669,63.2,1362.92291
2026-05-22 19:28:20,35.0,99.665,63.2,1453.8543
2026-05-22 19:29:10,34.9,99.67,64.1,-11.95646
2026-05-22 19:30:00,35.0,99.668,65.7,303.53977
2026-05-22 19:30:50,35.0,99.666,66.1,-4.41431
2026-05-22 19:31:40,34.9,99.665,63.2,-6.57561
2026-05-22 19:32:30,35.0,99.67,66.0,145.04199
2026-05-22 19:33:20,35.0,99.668,65.2,-6.20678
2026-05-22 19:34:10,35.1,99.677,65.5,1649.28909
2026-05-22 19:35:00,35.0,99.667,65.8,-8.42144
2026-05-22 19:35:50,35.0,99.668,66.6,1886.77748
2026-05-22 19:36:40,35.0,99.669,66.9,-11.33019
2026-05-22 19:37:30,35.0,99.674,65.3,1781.75607
2026-05-22 19:38:20,35.0,99.671,65.8,-11.7593
2026-05-22 19:39:10,35.1,99.664,65.6,1552.0889
2026-05-22 19:40:00,35.1,99.663,63.3,1422.49288
2026-05-22 19:40:50,35.0,99.667,64.9,1880.5208
2026-05-22 19:41:40,35.1,99.67,65.1,1890.7986
2026-05-22 19:42:30,35.0,99.674,62.9,-12.39152
2026-05-22 19:43:20,35.0,99.666,64.7,-12.71623
2026-05-22 19:44:10,35.0,99.673,63.8,1606.58688
2026-05-22 19:45:00,35.0,99.667,64.1,1534.14865
2026-05-22 19:45:50,35.0,99.668,66.2,-5.86692
2026-05-22 19:46:40,35.0,99.673,61.9,1806.31919
2026-05-22 19:47:30,35.0,99.667,65.9,1678.55266
2026-05-22 19:48:20,35.0,99.666,65.7,1748.02517
2026-05-22 19:49:10,35.1,99.666,66.2,328.95992
2026-05-22 19:50:00,35.0,99.679,64.8,1501.39724
2026-05-22 19:50:50,35.1,99.663,65.8,-12.19527
2026-05-22 19:51:40,35.0,99.662,63.7,1442.69896
2026-05-22 19:52:30,35.0,99.669,65.7,-10.17611
2026-05-22 19:53:20,35.0,99.673,65.5,1848.12317
2026-05-22 19:54:10,35.0,99.663,65.9,1393.48105
2026-05-22 19:55:00,35.0,99.659,65.0,1445.06223
2026-05-22 19:55:50,35.0,99.67,68.4,1653.34901
2026-05-22 19:56:40,35.0,99.667,65.2,-10.73332
2026-05-22 19:57:30,35.1,99.66,65.0,-12.22445
2026-05-22 19:58:20,35.1,99.675,66.1,1616.12238
2026-05-22 19:59:10,34.9,99.672,66.1,-3.64538
2026-05-22 20:00:00,35.0,99.673,66.1,1780.26301
2026-05-22 20:00:50,35.0,99.673,65.3,1523.83662
2026-05-22 20:01:40,35.0,99.664,65.6,-6.41281
2026-05-22 20:02:30,35.1,99.662,65.4,1677.75356
2026-05-22 20:03:20,35.0,99.667,67.4,-3.27881
2026-05-22 20:04:10,35.0,99.672,64.2,-11.98871
2026-05-22 20:05:00,35.0,99.665,64.9,1925.07634
2026-05-22 20:05:50,35.0,99.665,65.9,1842.54495
2026-05-22 20:06:40,35.0,99.664,65.2,1734.33276
2026-05-22 20:07:30,35.1,99.661,65.2,1413.78394
2026-05-22 20:08:20,35.0,99.673,67.8,-14.28564
2026-05-22 20:09:10,35.1,99.661,63.6,-8.75711
2026-05-22 20:10:00,35.0,99.679,65.4,1433.43671
2026-05-22 20:10:50,35.0,99.672,64.9,1535.37893
2026-05-22 20:11:40,35.0,99.677,65.3,-9.43317
2026-05-22 20:12:30,35.0,99.666,67.0,1566.89472
2026-05-22 20:13:20,35.0,99.669,65.7,1501.13665
2026-05-22 20:14:10,35.0,99.669,66.5,235.81314
2026-05-22 20:15:00,35.0,99.663,65.2,-5.95364
2026-05-22 20:15:50,35.0,99.661,65.0,1522.35937
2026-05-22 20:16:40,35.0,99.671,67.2,46.83484
2026-05-22 20:17:30,35.0,99.67,65.4,272.98142
2026-05-22 20:18:20,35.0,99.672,65.2,-4.28654
2026-05-22 20:19:10,35.0,99.666,64.5,1712.00805
2026-05-22 20:20:00,35.0,99.663,65.0,1828.84425
2026-05-22 20:20:50,35.0,99.675,64.3,-4.28645
2026-05-22 20:21:40,35.0,99.665,64.8,1719.42881
2026-05-22 20:22:30,35.0,99.665,63.1,1706.22706
2026-05-22 20:23:20,35.0,99.669,65.3,-8.19
2026-05-22 20:24:10,35.0,99.658,65.3,1808.05921
2026-05-22 20:25:00,35.0,99.663,64.2,-9.09138
2026-05-22 20:25:50,35.0,99.67,64.6,1595.31053
2026-05-22 20:26:40,35.0,99.667,63.9,209.65398
2026-05-22 20:27:30,35.0,99.67,65.3,1768.60607
2026-05-22 20:28:20,35.0,99.678,65.3,-8.63035
2026-05-22 20:29:10,35.1,99.676,64.4,-7.58471
2026-05-22 20:30:00,34.9,99.666,64.9,-14.7218
2026-05-22 20:30:50,35.0,99.66,63.9,1441.67132
2026-05-22 20:31:40,35.0,99.668,64.1,1579.99309
2026-05-22 20:32:30,35.0,99.667,63.1,1353.00152
2026-05-22 20:33:20,35.0,99.663,64.2,1814.72224
2026-05-22 20:34:10,35.0,99.664,63.9,-8.73885
2026-05-22 20:35:00,35.0,99.665,67.0,-8.31719
2026-05-22 20:35:50,35.0,99.663,66.9,1517.78541
2026-05-22 20:36:40,35.0,99.665,65.2,319.02602
2026-05-22 20:37:30,35.0,99.669,65.6,235.34227
2026-05-22 20:38:20,35.0,99.665,65.0,-10.33539
2026-05-22 20:39:10,35.1,99.669,65.3,1687.09159
2026-05-22 20:40:00,35.0,99.666,62.7,-12.94462
2026-05-22 20:40:50,35.1,99.663,65.3,-12.88114
2026-05-22 20:41:40,35.0,99.673,66.7,341.47063
2026-05-22 20:42:30,35.0,99.676,65.0,1398.85556
2026-05-22 20:43:20,35.0,99.665,63.8,1426.7202
2026-05-22 20:44:10,35.1,99.669,65.2,252.76288
2026-05-22 20:45:00,34.9,99.67,64.5,-14.49513
2026-05-22 20:45:50,35.0,99.668,64.8,-12.84748
2026-05-22 20:46:40,35.0,99.673,65.3,151.19846
2026-05-22 20:47:30,35.0,99.676,67.0,-10.49297
2026-05-22 20:48:20,35.0,99.67,65.8,1428.83373
2026-05-22 20:49:10,35.0,99.664,65.7,-2.75044
2026-05-22 20:50:00,35.0,99.666,63.6,1413.26527
2026-05-22 20:50:50,35.0,99.664,65.6,1665.56278
2026-05-22 20:51:40,35.0,99.672,65.8,1413.42136
2026-05-22 20:52:30,35.1,99.665,65.6,-7.43854
2026-05-22 20:53:20,35.0,99.67,65.4,1459.9838
2026-05-22 20:54:10,35.1,99.67,64.9,1832.52211
2026-05-22 20:55:00,35.0,99.661,67.5,-4.73673
2026-05-22 20:55:50,35.0,99.67,65.0,1356.10208
2026-05-22 20:56:40,35.1,99.665,64.8,1732.42327
2026-05-22 20:57:30,35.0,99.671,64.2,-3.08734
2026-05-22 20:58:20,35.1,99.66,66.8,-5.7888
2026-05-22 20:59:10,35.1,99.664,63.6,1389.13472
2026-05-22 21:00:00,35.0,99.665,64.9,-9.72205
2026-05-22 21:00:50,35.0,99.667,65.7,1488.63333
2026-05-22 21:01:40,35.0,99.666,63.4,-10.46875
2026-05-22 21:02:30,35.0,99.669,64.8,-9.88541
2026-05-22 21:03:20,35.1,99.674,66.5,-11.98024
2026-05-22 21:04:10,35.1,99.673,64.5,-12.79682
2026-05-22 21:05:00,35.0,99.668,65.2,-12.87314
2026-05-22 21:05:50,35.0,99.672,63.1,1843.73292
2026-05-22 21:06:40,35.0,99.664,67.2,-11.19011
2026-05-22 21:07:30,35.1,99.677,63.9,1916.12448
2026-05-22 21:08:20,35.0,99.67,67.9,-14.7557
2026-05-22 21:09:10,35.1,99.669,65.0,1787.96843
2026-05-22 21:10:00,35.0,99.667,66.9,-12.88508
2026-05-22 21:10:50,35.0,99.672,63.7,-6.13296
2026-05-22 21:11:40,35.0,99.672,65.4,1888.88503
2026-05-22 21:12:30,35.0,99.665,66.2,-8.89406
2026-05-22 21:13:20,35.0,99.674,64.5,-5.73417
2026-05-22 21:14:10,34.9,99.665,63.6,-9.4338
2026-05-22 21:15:00,35.1,99.667,65.5,427.70968
2026-05-22 21:15:50,35.0,99.67,64.0,-6.65892
2026-05-22 21:16:40,35.0,99.664,64.7,1424.28896
2026-05-22 21:17:30,35.0,99.667,65.2,-11.41166
2026-05-22 21:18:20,35.1,99.668,64.3,1417.62862
2026-05-22 21:19:10,35.0,99.666,62.5,-12.17368
2026-05-22 21:20:00,35.0,99.662,65.4,202.94224
2026-05-22 21:20:50,35.0,99.666,63.1,155.31368
2026-05-22 21:21:40,35.0,99.666,65.7,1507.32636
2026-05-22 21:22:30,35.0,99.67,63.9,-6.47226
2026-05-22 21:23:20,35.0,99.668,63.4,-6.07698
2026-05-22 21:24:10,35.0,99.673,65.1,-3.05891
2026-05-22 21:25:00,35.0,99.685,66.1,1590.5775
2026-05-22 21:25:50,34.9,99.668,65.7,-9.04658
2026-05-22 21:26:40,35.0,99.661,65.5,-6.14949
2026-05-22 21:27:30,35.0,99.667,65.8,402.69479
2026-05-22 21:28:20,35.0,99.665,66.6,1527.13411
2026-05-22 21:29:10,35.0,99.665,65.8,-4.52757
2026-05-22 21:30:00,35.0,99.664,65.9,-14.00008
2026-05-22 21:30:50,35.0,99.661,65.6,303.16444
2026-05-22 21:31:40,35.0,99.668,65.2,1820.1677
2026-05-22 21:32:30,35.0,99.662,67.5,404.93063
2026-05-22 21:33:20,35.1,99.671,65.1,1472.05661
2026-05-22 21:34:10,35.1,99.658,65.0,-6.60592
2026-05-22 21:35:00,35.0,99.663,66.4,1574.55686
2026-05-22 21:35:50,35.0,99.678,66.7,1726.55187
2026-05-22 21:36:40,35.0,99.663,66.9,28.14599
2026-05-22 21:37:30,35.0,99.665,66.5,1447.52544
2026-05-22 21:38:20,35.0,99.661,66.8,-6.42317
2026-05-22 21:39:10,35.0,99.667,64.9,1615.12542
2026-05-22 21:40:00,35.0,99.671,67.1,72.05073
2026-05-22 21:40:50,35.1,99.674,66.1,120.92778
2026-05-22 21:41:40,35.1,99.671,67.0,22.95986
2026-05-22 21:42:30,35.0,99.668,66.5,-6.779
2026-05-22 21:43:20,35.0,99.668,65.7,1811.66764
2026-05-22 21:44:10,35.0,99.668,63.9,128.72807
2026-05-22 21:45:00,35.0,99.661,65.8,-10.52056
2026-05-22 21:45:50,35.0,99.663,65.6,-14.5746
2026-05-22 21:46:40,35.0,99.671,65.2,1562.30515
2026-05-22 21:47:30,35.0,99.658,64.0,1540.05164
2026-05-22 21:48:20,35.0,99.661,64.3,1901.90248
2026-05-22 21:49:10,35.0,99.667,64.2,1629.43355
2026-05-22 21:50:00,35.0,99.679,65.3,1807.02679
2026-05-22 21:50:50,35.0,99.655,63.9,214.64955
2026-05-22 21:51:40,35.0,99.669,65.3,68.40934
2026-05-22 21:52:30,35.1,99.669,65.9,1800.19569
2026-05-22 21:53:20,35.0,99.663,64.2,-13.54228
2026-05-22 21:54:10,35.0,99.662,66.6,-3.56821
2026-05-22 21:55:00,35.0,99.667,63.1,246.35593
2026-05-22 21:55:50,35.0,99.674,65.1,1762.224
2026-05-22 21:56:40,35.1,99.671,65.5,-10.21133
2026-05-22 21:57:30,35.1,99.664,64.1,-13.069
2026-05-22 21:58:20,35.0,99.666,64.0,1916.44728
2026-05-22 21:59:10,35.1,99.667,64.6,1777.00604
2026-05-22 22:00:00,35.0,99.664,62.5,-6.12674
2026-05-22 22:00:50,35.0,99.665,65.6,-4.14747
2026-05-22 22:01:40,35.0,99.67,64.2,21.01931
2026-05-22 22:02:30,35.0,99.664,66.6,-4.02888
2026-05-22 22:03:20,35.0,99.674,65.4,-7.22373
2026-05-22 22:04:10,35.0,99.663,65.7,412.29322
2026-05-22 22:05:00,35.0,99.666,66.2,-6.61878
2026-05-22 22:05:50,35.1,99.672,64.6,-11.77292
2026-05-22 22:06:40,35.1,99.675,67.5,-7.13431
2026-05-22 22:07:30,35.0,99.667,65.8,-5.33815
2026-05-22 22:08:20,35.0,99.659,65.2,-7.28469
2026-05-22 22:09:10,35.0,99.669,64.3,102.82102
2026-05-22 22:10:00,35.0,99.673,64.2,-12.73204
2026-05-22 22:10:50,35.0,99.668,65.7,1744.52205
2026-05-22 22:11:40,35.0,99.669,64.5,-4.80969
2026-05-22 22:12:30,35.0,99.667,65.7,-13.0688
2026-05-22 22:13:20,35.0,99.674,66.3,1885.92877
2026-05-22 22:14:10,35.2,99.673,66.1,-4.47264
2026-05-22 22:15:00,35.0,99.67,64.9,1703.97895
2026-05-22 22:15:50,35.1,99.667,64.8,229.50958
2026-05-22 22:16:40,35.1,99.671,64.0,-4.61798
2026-05-22 22:17:30,35.0,99.664,64.4,224.30988
2026-05-22 22:18:20,35.1,99.658,63.6,-12.1414
2026-05-22 22:19:10,35.0,99.667,65.3,-14.7473
2026-05-22 22:20:00,35.0,99.67,64.7,-3.98491
2026-05-22 22:20:50,35.0,99.672,66.3,1804.05075
2026-05-22 22:21:40,35.0,99.664,64.1,-10.14657
2026-05-22 22:22:30,35.0,99.669,65.7,-13.62492
2026-05-22 22:23:20,35.0,99.662,64.0,-6.96995
2026-05-22 22:24:10,34.9,99.672,65.0,-7.73722
2026-05-22 22:25:00,35.1,99.668,65.9,325.35067
2026-05-22 22:25:50,35.0,99.675,64.5,1932.34562
2026-05-22 22:26:40,34.9,99.671,67.8,-13.72852
2026-05-22 22:27:30,35.1,99.675,65.6,1876.58237
2026-05-22 22:28:20,35.0,99.672,65.0,-10.0105
2026-05-22 22:29:10,35.0,99.67,65.9,-12.65561
2026-05-22 22:30:00,35.0,99.672,65.5,156.49508
2026-05-22 22:30:50,35.0,99.668,65.3,-10.11916
2026-05-22 22:31:40,35.1,99.675,65.8,1505.99028
2026-05-22 22:32:30,35.0,99.666,65.3,192.71953
2026-05-22 22:33:20,35.0,99.672,64.7,-6.82794
2026-05-22 22:34:10,35.0,99.675,64.8,-12.74927
2026-05-22 22:35:00,35.0,99.668,64.3,416.87704
2026-05-22 22:35:50,35.0,99.663,65.7,256.3002
2026-05-22 22:36:40,35.0,99.673,65.0,1659.72803
2026-05-22 22:37:30,35.0,99.664,64.8,1693.18433
2026-05-22 22:38:20,35.1,99.666,65.1,200.80212
2026-05-22 22:39:10,35.0,99.67,64.5,1566.97964
2026-05-22 22:40:00,35.0,99.682,65.6,1885.22211
2026-05-22 22:40:50,35.1,99.674,66.1,1778.75841
2026-05-22 22:41:40,35.0,99.668,64.5,-9.06146
2026-05-22 22:42:30,35.0,99.669,65.7,-3.51251
2026-05-22 22:43:20,34.9,99.657,64.5,-14.1205
2026-05-22 22:44:10,35.0,99.661,64.5,40.88844
2026-05-22 22:45:00,35.0,99.659,65.9,1624.05193
2026-05-22 22:45:50,35.0,99.673,63.8,1678.77803
2026-05-22 22:46:40,35.0,99.666,63.3,1782.84165
2026-05-22 22:47:30,34.9,99.671,66.0,-9.69284
2026-05-22 22:48:20,35.1,99.668,64.7,-2.57129
2026-05-22 22:49:10,35.0,99.672,63.8,1689.41405
2026-05-22 22:50:00,35.0,99.666,64.5,1523.46437
2026-05-22 22:50:50,35.1,99.667,66.8,-9.26931
2026-05-22 22:51:40,35.0,99.668,64.9,-8.78775
2026-05-22 22:52:30,35.1,99.663,65.0,35.9571
2026-05-22 22:53:20,35.0,99.669,65.8,21.01339
2026-05-22 22:54:10,35.0,99.667,65.0,-4.56642
2026-05-22 22:55:00,35.0,99.661,66.7,1924.65894
2026-05-22 22:55:50,35.0,99.665,65.2,1540.78643
2026-05-22 22:56:40,35.0,99.669,67.0,1669.84582
2026-05-22 22:57:30,35.0,99.663,64.7,-5.01385
2026-05-22 22:58:20,35.0,99.663,66.2,1397.85854
2026-05-22 22:59:10,35.2,99.664,64.0,-9.39912
2026-05-22 23:00:00,35.0,99.681,64.8,1712.66784
2026-05-22 23:00:50,35.0,99.667,63.7,1597.92921
2026-05-22 23:01:40,35.0,99.675,64.8,1581.77432
2026-05-22 23:02:30,35.0,99.662,64.1,-10.87113
2026-05-22 23:03:20,35.1,99.672,64.8,1660.77206
2026-05-22 23:04:10,35.0,99.653,65.2,261.92062
2026-05-22 23:05:00,35.0,99.668,64.9,1645.30288
2026-05-22 23:05:50,35.0,99.684,64.1,-7.39358
2026-05-22 23:06:40,35.0,99.666,64.3,1556.45908
2026-05-22 23:07:30,35.0,99.663,66.4,89.64867
2026-05-22 23:08:20,34.9,99.676,65.3,434.059
2026-05-22 23:09:10,34.9,99.662,66.6,439.65982
2026-05-22 23:10:00,35.0,99.666,66.5,-9.55335
2026-05-22 23:10:50,35.0,99.663,63.0,1460.9529
2026-05-22 23:11:40,35.0,99.674,66.0,1532.74049
2026-05-22 23:12:30,35.0,99.661,67.3,411.70852
2026-05-22 23:13:20,35.1,99.664,64.8,1573.04614
2026-05-22 23:14:10,35.0,99.669,64.2,1849.85576
2026-05-22 23:15:00,35.1,99.657,63.8,-2.8669
2026-05-22 23:15:50,34.9,99.672,64.4,-8.648
2026-05-22 23:16:40,35.0,99.665,65.3,1362.53878
2026-05-22 23:17:30,34.9,99.671,66.1,285.27236
2026-05-22 23:18:20,35.1,99.668,65.2,-13.23321
2026-05-22 23:19:10,35.1,99.666,65.1,150.30544
2026-05-22 23:20:00,35.0,99.676,67.2,1557.21861
2026-05-22 23:20:50,35.0,99.658,67.5,-9.20995
2026-05-22 23:21:40,35.0,99.667,65.7,-8.10696
2026-05-22 23:22:30,35.1,99.669,63.8,-11.71261
2026-05-22 23:23:20,35.0,99.667,67.2,-11.20927
2026-05-22 23:24:10,35.0,99.676,66.0,1689.58647
2026-05-22 23:25:00,35.0,99.666,66.7,1592.59879
2026-05-22 23:25:50,35.0,99.671,64.1,-9.08905
2026-05-22 23:26:40,35.1,99.668,63.2,-13.4441
2026-05-22 23:27:30,35.1,99.674,66.4,1357.62769
2026-05-22 23:28:20,35.0,99.668,66.5,1554.71867
2026-05-22 23:29:10,35.0,99.679,65.5,1776.759
2026-05-22 23:30:00,35.0,99.668,63.4,-14.48739
2026-05-22 23:30:50,35.0,99.664,64.9,1576.01742
2026-05-22 23:31:40,35.0,99.674,64.6,-13.54245
2026-05-22 23:32:30,35.0,99.662,65.6,1778.16053
2026-05-22 23:33:20,35.0,99.66,65.1,-10.18903
2026-05-22 23:34:10,35.0,99.67,64.9,130.87812
2026-05-22 23:35:00,35.0,99.666,64.6,-12.84398
2026-05-22 23:35:50,35.1,99.663,65.3,-11.08469
2026-05-22 23:36:40,35.0,99.676,64.8,-10.48028
2026-05-22 23:37:30,35.0,99.667,65.6,1364.89194
2026-05-22 23:38:20,35.0,99.661,65.9,-10.55915
2026-05-22 23:39:10,35.0,99.671,64.4,200.27895
2026-05-22 23:40:00,35.0,99.663,66.3,-13.63582
2026-05-22 23:40:50,34.9,99.665,68.1,142.49524
2026-05-22 23:41:40,35.0,99.672,66.4,1551.66682
2026-05-22 23:42:30,35.1,99.669,63.2,1688.35982
2026-05-22 23:43:20,35.0,99.668,64.9,1913.17626
2026-05-22 23:44:10,35.0,99.668,63.5,1533.64489
2026-05-22 23:45:00,35.0,99.671,65.1,-2.94158
2026-05-22 23:45:50,35.0,99.668,64.7,384.86439
2026-05-22 23:46:40,35.0,99.67,64.8,1559.23468
2026-05-22 23:47:30,35.1,99.669,65.6,-9.79542
2026-05-22 23:48:20,35.0,99.669,63.3,-10.83451
2026-05-22 23:49:10,35.1,99.667,65.8,-7.74083
2026-05-22 23:50:00,35.0,99.664,65.7,-13.52477
2026-05-22 23:50:50,35.0,99.66,64.6,385.86973
2026-05-22 23:51:40,35.0,99.671,64.0,-14.04534
2026-05-22 23:52:30,35.1,99.668,64.9,-9.3799
2026-05-22 23:53:20,35.0,99.677,65.1,362.56994
2026-05-22 23:54:10,35.0,99.68,64.7,1685.39402
2026-05-22 23:55:00,35.0,99.667,64.4,1556.28505
2026-05-22 23:55:50,35.0,99.665,63.7,1879.26476
2026-05-22 23:56:40,35.1,99.668,65.5,1662.73879
2026-05-22 23:57:30,35.0,99.667,64.6,1391.88986
2026-05-22 23:58:20,35.0,99.66,66.2,-2.59562
2026-05-22 23:59:10,35.0,99.669,63.2,296.18027
2026-05-23 00:00:00,35.0,99.669,66.7,-7.28058
2026-05-23 00:00:50,35.0,99.678,66.6,1496.28264
2026-05-23 00:01:40,35.0,99.681,66.5,1927.74722
2026-05-23 00:02:30,35.0,99.672,67.5,1773.50279
2026-05-23 00:03:20,35.1,99.666,65.4,1427.14537
2026-05-23 00:04:10,35.0,99.669,63.6,1362.40569
2026-05-23 00:05:00,35.0,99.672,66.8,-11.44082
2026-05-23 00:05:50,35.1,99.674,65.6,-9.20888
2026-05-23 00:06:40,35.0,99.665,65.3,1913.56613
2026-05-23 00:07:30,35.0,99.665,66.0,-6.88089
2026-05-23 00:08:20,35.1,99.661,65.5,-8.89029
2026-05-23 00:09:10,35.0,99.672,63.7,-8.54987
2026-05-23 00:10:00,35.0,99.662,65.2,-12.43668
2026-05-23 00:10:50,35.1,99.662,65.9,-5.16357
2026-05-23 00:11:40,35.0,99.672,64.5,-9.09025
2026-05-23 00:12:30,35.0,99.664,66.3,1855.16225
2026-05-23 00:13:20,35.0,99.673,66.1,-12.77958
2026-05-23 00:14:10,35.0,99.671,64.8,-10.05934
2026-05-23 00:15:00,35.0,99.667,64.9,-11.68171
2026-05-23 00:15:50,35.0,99.665,62.7,195.9873
2026-05-23 00:16:40,35.0,99.659,64.7,-2.83597
2026-05-23 00:17:30,35.0,99.674,64.7,1892.6312
2026-05-23 00:18:20,35.1,99.667,64.7,1435.04392
2026-05-23 00:19:10,35.0,99.67,65.5,-10.11649
2026-05-23 00:20:00,35.0,99.667,66.3,1931.48863
2026-05-23 00:20:50,34.9,99.675,62.5,-9.71085
2026-05-23 00:21:40,35.0,99.659,63.3,-6.66427
2026-05-23 00:22:30,35.0,99.678,64.5,1869.74147
2026-05-23 00:23:20,35.0,99.668,66.2,-7.44776
2026-05-23 00:24:10,35.0,99.676,65.0,-6.53312
2026-05-23 00:25:00,35.1,99.669,66.4,-13.06737
2026-05-23 00:25:50,35.0,99.665,65.1,397.44256
2026-05-23 00:26:40,35.0,99.669,65.2,-7.52511
2026-05-23 00:27:30,35.0,99.676,64.6,1865.70362
2026-05-23 00:28:20,35.0,99.663,64.8,1788.73958
2026-05-23 00:29:10,35.1,99.666,65.2,1600.82422
2026-05-23 00:30:00,35.0,99.674,66.6,-9.33382
2026-05-23 00:30:50,35.1,99.667,65.0,1677.21729
2026-05-23 00:31:40,35.0,99.666,64.5,-13.24206
2026-05-23 00:32:30,35.0,99.67,64.2,1606.57317
2026-05-23 00:33:20,35.0,99.669,64.5,-8.37977
2026-05-23 00:34:10,35.0,99.672,65.0,1664.45116
2026-05-23 00:35:00,35.1,99.68,65.7,-8.89712
2026-05-23 00:35:50,35.0,99.665,65.9,1628.57249
2026-05-23 00:36:40,35.0,99.663,65.5,-11.60698
2026-05-23 00:37:30,35.0,99.666,66.8,-6.96126
2026-05-23 00:38:20,35.0,99.671,67.2,1816.08944
2026-05-23 00:39:10,35.0,99.662,65.4,-13.10429
2026-05-23 00:40:00,35.0,99.663,64.0,-7.62295
2026-05-23 00:40:50,35.0,99.662,66.1,1738.43
2026-05-23 00:41:40,35.1,99.663,68.8,-7.3759
2026-05-23 00:42:30,35.0,99.672,66.6,-12.54683
2026-05-23 00:43:20,35.0,99.669,64.4,1608.83892
2026-05-23 00:44:10,35.1,99.675,63.9,-8.58372
2026-05-23 00:45:00,35.0,99.671,65.7,1353.79726
2026-05-23 00:45:50,35.0,99.666,64.2,-12.60364
2026-05-23 00:46:40,35.0,99.67,66.3,-3.80896
2026-05-23 00:47:30,35.0,99.668,66.3,1863.2411
2026-05-23 00:48:20,35.1,99.677,65.6,1555.56169
2026-05-23 00:49:10,35.0,99.661,64.8,1720.59371
2026-05-23 00:50:00,35.0,99.674,66.8,1634.38452
2026-05-23 00:50:50,34.9,99.668,65.9,1657.05166
2026-05-23 00:51:40,35.1,99.655,65.9,1725.3059
2026-05-23 00:52:30,35.0,99.669,65.6,-7.25264
2026-05-23 00:53:20,35.0,99.669,64.1,-13.85061
2026-05-23 00:54:10,35.0,99.665,63.6,-11.20493
2026-05-23 00:55:00,35.0,99.671,66.1,1563.4643
2026-05-23 00:55:50,35.0,99.666,63.4,-14.06655
2026-05-23 00:56:40,35.0,99.66,65.3,1351.08061
2026-05-23 00:57:30,35.0,99.667,66.8,-13.08111
2026-05-23 00:58:20,35.1,99.668,63.6,-4.21074
2026-05-23 00:59:10,35.1,99.664,67.1,1518.3947
2026-05-23 01:00:00,35.1,99.663,66.0,-5.12305
2026-05-23 01:00:50,35.0,99.666,63.7,-11.65584
2026-05-23 01:01:40,35.0,99.67,64.1,-9.45908
2026-05-23 01:02:30,35.0,99.669,64.3,1433.00052
2026-05-23 01:03:20,34.9,99.675,66.1,1525.39574
2026-05-23 01:04:10,34.9,99.673,64.1,-9.8023
2026-05-23 01:05:00,35.0,99.668,67.1,-4.41603
2026-05-23 01:05:50,35.0,99.674,63.2,-7.41975
2026-05-23 01:06:40,35.1,99.668,64.9,-7.4488
2026-05-23 01:07:30,35.1,99.663,65.8,250.30786
2026-05-23 01:08:20,35.0,99.675,65.8,-8.60082
2026-05-23 01:09:10,35.0,99.672,64.8,-6.97292
2026-05-23 01:10:00,35.0,99.668,65.1,-8.88297
2026-05-23 01:10:50,35.0,99.662,65.2,1515.77164
2026-05-23 01:11:40,35.1,99.665,65.3,1384.69648
2026-05-23 01:12:30,35.0,99.672,66.7,-8.8708
2026-05-23 01:13:20,35.0,99.665,64.1,67.1866
2026-05-23 01:14:10,35.0,99.66,65.8,-13.59403
2026-05-23 01:15:00,35.0,99.669,65.5,-10.82445
2026-05-23 01:15:50,35.0,99.669,63.7,-10.14154
2026-05-23 01:16:40,35.0,99.671,66.4,-13.70382
2026-05-23 01:17:30,35.0,99.664,67.4,1915.35598
2026-05-23 01:18:20,35.1,99.666,67.1,1388.15134
2026-05-23 01:19:10,35.0,99.666,64.0,1752.60568
2026-05-23 01:20:00,35.0,99.673,66.2,222.75067
2026-05-23 01:20:50,35.0,99.678,67.0,1579.85153
2026-05-23 01:21:40,35.1,99.669,63.7,1354.26222
2026-05-23 01:22:30,35.0,99.672,64.5,1419.33552
2026-05-23 01:23:20,35.1,99.673,64.7,175.19662
2026-05-23 01:24:10,35.0,99.655,65.0,177.94335
2026-05-23 01:25:00,35.0,99.66,64.2,-13.5712
2026-05-23 01:25:50,35.0,99.663,65.9,1493.70291
2026-05-23 01:26:40,35.0,99.673,64.2,1574.02937
2026-05-23 01:27:30,35.0,99.665,66.0,1696.80053
2026-05-23 01:28:20,35.0,99.666,65.0,119.11504
2026-05-23 01:29:10,35.0,99.671,66.1,-14.03556
2026-05-23 01:30:00,35.1,99.67,64.7,1746.63073
2026-05-23 01:30:50,35.0,99.669,65.9,-9.01024
2026-05-23 01:31:40,35.1,99.673,63.8,1928.90672
2026-05-23 01:32:30,35.0,99.664,64.0,1503.87887
2026-05-23 01:33:20,35.1,99.658,67.0,-10.74626
2026-05-23 01:34:10,35.0,99.669,65.9,1442.01073
2026-05-23 01:35:00,35.1,99.672,66.3,1617.31112
2026-05-23 01:35:50,35.1,99.671,65.0,-13.70655
2026-05-23 01:36:40,35.0,99.666,67.8,1851.07401
2026-05-23 01:37:30,35.0,99.666,63.5,-12.6077
2026-05-23 01:38:20,35.0,99.672,65.3,-9.38244
2026-05-23 01:39:10,35.0,99.664,65.4,-14.69837
2026-05-23 01:40:00,35.0,99.669,65.2,1821.87568
2026-05-23 01:40:50,35.1,99.671,66.4,1433.03299
2026-05-23 01:41:40,35.1,99.67,65.9,-12.11637
2026-05-23 01:42:30,35.1,99.66,65.0,-11.4807
2026-05-23 01:43:20,34.9,99.673,62.1,-5.59825
2026-05-23 01:44:10,35.0,99.666,66.9,-13.16835
2026-05-23 01:45:00,35.1,99.668,63.3,1910.66713
2026-05-23 01:45:50,35.0,99.669,67.2,18.04044
2026-05-23 01:46:40,35.0,99.664,63.0,1800.3175
2026-05-23 01:47:30,35.0,99.664,65.2,1538.43703
2026-05-23 01:48:20,35.0,99.66,64.2,1783.31302
2026-05-23 01:49:10,35.0,99.666,65.2,1655.50995
2026-05-23 01:50:00,35.0,99.665,63.6,1741.84018
2026-05-23 01:50:50,35.0,99.67,64.8,279.84211
2026-05-23 01:51:40,35.1,99.669,64.0,1572.14238
2026-05-23 01:52:30,35.0,99.67,66.6,1662.37273
2026-05-23 01:53:20,35.0,99.675,66.5,-11.62201
2026-05-23 01:54:10,35.0,99.673,65.8,1875.62021
2026-05-23 01:55:00,35.0,99.667,65.6,-12.94612
2026-05-23 01:55:50,35.0,99.66,64.9,-6.58957
2026-05-23 01:56:40,35.0,99.672,64.3,-3.42678
2026-05-23 01:57:30,35.0,99.669,65.6,421.26187
2026-05-23 01:58:20,35.1,99.668,64.7,1398.89007
2026-05-23 01:59:10,35.0,99.673,64.0,1392.27153
2026-05-23 02:00:00,35.0,99.673,64.1,-3.12192
2026-05-23 02:00:50,35.0,99.659,64.8,1522.37283
2026-05-23 02:01:40,34.9,99.669,65.4,-9.30244
2026-05-23 02:02:30,35.1,99.664,65.1,1500.781
2026-05-23 02:03:20,35.0,99.661,66.2,1928.29656
2026-05-23 02:04:10,35.1,99.664,64.5,1572.14935
2026-05-23 02:05:00,35.0,99.664,64.4,-11.57309
2026-05-23 02:05:50,35.0,99.662,67.0,-11.80648
2026-05-23 02:06:40,35.1,99.667,66.0,-9.59932
2026-05-23 02:07:30,35.0,99.662,63.3,1594.69821
2026-05-23 02:08:20,34.9,99.663,64.3,-12.08903
2026-05-23 02:09:10,35.0,99.665,67.3,1721.92321
2026-05-23 02:10:00,35.0,99.665,63.1,169.67528
2026-05-23 02:10:50,35.0,99.663,66.0,1599.05948
2026-05-23 02:11:40,35.0,99.671,64.8,1741.40923
2026-05-23 02:12:30,35.0,99.668,63.2,1823.25598
2026-05-23 02:13:20,35.0,99.666,66.1,1603.9751
2026-05-23 02:14:10,35.0,99.669,65.7,1566.40719
2026-05-23 02:15:00,35.0,99.663,65.4,-6.12916
2026-05-23 02:15:50,35.0,99.675,64.0,1868.66646
2026-05-23 02:16:40,35.0,99.67,65.9,-3.90814
2026-05-23 02:17:30,35.0,99.669,66.4,1689.80883
2026-05-23 02:18:20,35.0,99.669,64.7,1855.73679
2026-05-23 02:19:10,35.1,99.671,66.5,1700.78152
2026-05-23 02:20:00,35.0,99.672,65.5,1698.07631
2026-05-23 02:20:50,34.9,99.67,65.1,1721.40506
2026-05-23 02:21:40,35.0,99.664,65.4,1802.67735
2026-05-23 02:22:30,34.9,99.668,63.9,-13.66144
2026-05-23 02:23:20,35.1,99.668,66.5,1750.68883
2026-05-23 02:24:10,35.0,99.669,65.1,-2.85018
2026-05-23 02:25:00,35.0,99.667,65.6,-3.19421
2026-05-23 02:25:50,35.0,99.674,66.4,1796.66929
2026-05-23 02:26:40,35.1,99.668,64.2,1771.44727
2026-05-23 02:27:30,35.0,99.66,65.6,-11.11701
2026-05-23 02:28:20,35.1,99.673,66.2,1742.58911
2026-05-23 02:29:10,35.0,99.665,67.0,139.70889
2026-05-23 02:30:00,35.0,99.675,65.6,-4.43271
2026-05-23 02:30:50,35.1,99.668,64.0,1506.8848
2026-05-23 02:31:40,35.0,99.674,65.8,70.61874
2026-05-23 02:32:30,35.0,99.666,65.2,128.25775
2026-05-23 02:33:20,35.0,99.653,66.1,-4.87125
2026-05-23 02:34:10,35.1,99.672,63.1,1677.80441
2026-05-23 02:35:00,35.0,99.67,64.4,-9.95635
2026-05-23 02:35:50,35.0,99.668,65.5,194.39597
2026-05-23 02:36:40,35.0,99.663,65.9,-6.30478
2026-05-23 02:37:30,35.0,99.678,65.8,1687.73171
2026-05-23 02:38:20,35.0,99.663,65.8,-10.83733
2026-05-23 02:39:10,35.0,99.668,65.8,-6.40551
2026-05-23 02:40:00,35.0,99.663,65.9,1723.78118
2026-05-23 02:40:50,35.0,99.661,64.4,-3.73244
2026-05-23 02:41:40,34.9,99.669,65.4,85.13899
2026-05-23 02:42:30,35.0,99.673,65.8,-10.03318
2026-05-23 02:43:20,35.0,99.669,63.9,-13.36628
2026-05-23 02:44:10,35.1,99.68,66.2,1377.53193
2026-05-23 02:45:00,35.1,99.668,65.2,1749.39947
2026-05-23 02:45:50,35.0,99.658,65.7,-3.86208
2026-05-23 02:46:40,35.1,99.669,65.2,1368.27391
2026-05-23 02:47:30,35.0,99.673,65.7,1527.84813
2026-05-23 02:48:20,35.1,99.673,64.5,1709.06936
2026-05-23 02:49:10,35.0,99.667,66.1,1411.3307
2026-05-23 02:50:00,35.0,99.669,66.4,435.36273
2026-05-23 02:50:50,35.0,99.664,65.5,-7.78747
2026-05-23 02:51:40,35.0,99.674,65.9,1529.00528
2026-05-23 02:52:30,35.0,99.673,65.9,1921.52724
2026-05-23 02:53:20,35.0,99.672,64.8,1388.06206
2026-05-23 02:54:10,35.1,99.667,65.1,-11.31926
2026-05-23 02:55:00,35.0,99.67,66.4,1406.63959
2026-05-23 02:55:50,35.1,99.67,64.8,1805.52359
2026-05-23 02:56:40,35.0,99.665,63.9,-5.60681
2026-05-23 02:57:30,35.0,99.668,65.1,52.70049
2026-05-23 02:58:20,35.0,99.668,62.3,-14.59901
2026-05-23 02:59:10,35.0,99.661,63.2,1613.39689
2026-05-23 03:00:00,35.0,99.66,65.7,1817.68882
2026-05-23 03:00:50,35.0,99.672,63.9,1558.21299
2026-05-23 03:01:40,35.0,99.671,65.4,-10.78265
2026-05-23 03:02:30,35.0,99.67,65.7,415.1347
2026-05-23 03:03:20,35.1,99.661,65.4,-7.35596
2026-05-23 03:04:10,35.0,99.667,65.5,-3.06018
2026-05-23 03:05:00,35.0,99.674,64.4,1664.49971
2026-05-23 03:05:50,35.0,99.663,65.2,-4.50642
2026-05-23 03:06:40,35.0,99.674,66.2,1938.27938
2026-05-23 03:07:30,35.1,99.671,64.7,1374.78587
2026-05-23 03:08:20,35.0,99.665,65.1,-4.55684
2026-05-23 03:09:10,35.0,99.675,67.2,1741.00538
2026-05-23 03:10:00,35.0,99.675,63.9,1750.64735
2026-05-23 03:10:50,35.0,99.667,63.4,1380.31697
2026-05-23 03:11:40,35.0,99.673,63.7,-11.1069
2026-05-23 03:12:30,35.0,99.668,64.6,-6.85924
2026-05-23 03:13:20,35.1,99.672,63.8,1456.19019
2026-05-23 03:14:10,35.0,99.661,65.9,-6.54292
2026-05-23 03:15:00,35.1,99.666,66.8,245.17337
2026-05-23 03:15:50,35.0,99.667,66.1,-11.653
2026-05-23 03:16:40,35.0,99.662,65.0,-14.11645
2026-05-23 03:17:30,35.0,99.668,64.1,367.99797
2026-05-23 03:18:20,35.0,99.663,65.2,1687.34981
2026-05-23 03:19:10,35.0,99.668,63.2,1704.67739
2026-05-23 03:20:00,35.0,99.666,65.4,1685.6187
2026-05-23 03:20:50,35.1,99.666,64.0,-12.9175
2026-05-23 03:21:40,35.0,99.663,66.3,1747.16521
2026-05-23 03:22:30,35.1,99.671,65.8,1723.79904
2026-05-23 03:23:20,35.1,99.665,66.5,-11.83522
2026-05-23 03:24:10,35.1,99.67,65.6,1895.27626
2026-05-23 03:25:00,35.1,99.673,67.4,1621.58493
2026-05-23 03:25:50,35.1,99.667,66.0,-13.51274
2026-05-23 03:26:40,35.0,99.667,64.9,-5.09122
2026-05-23 03:27:30,35.0,99.664,65.9,1797.97265
2026-05-23 03:28:20,35.0,99.671,64.6,1896.69573
2026-05-23 03:29:10,35.0,99.669,62.8,1561.61255
2026-05-23 03:30:00,35.0,99.672,66.4,-8.75337
2026-05-23 03:30:50,35.1,99.666,64.3,-9.22484
2026-05-23 03:31:40,35.0,99.67,63.6,-7.17194
2026-05-23 03:32:30,35.0,99.671,65.8,1770.45985
2026-05-23 03:33:20,35.0,99.663,65.6,444.87225
2026-05-23 03:34:10,35.0,99.672,64.5,-6.84347
2026-05-23 03:35:00,34.9,99.668,64.4,-6.07358
2026-05-23 03:35:50,35.1,99.665,66.8,1720.77909
2026-05-23 03:36:40,35.0,99.661,65.8,1861.623
2026-05-23 03:37:30,35.1,99.666,64.9,-10.08033
2026-05-23 03:38:20,35.0,99.673,64.9,1621.31591
2026-05-23 03:39:10,35.0,99.673,65.2,1482.64311
2026-05-23 03:40:00,35.0,99.672,66.8,422.22963
2026-05-23 03:40:50,35.1,99.66,62.9,1863.87246
2026-05-23 03:41:40,35.0,99.677,64.1,1661.82475
2026-05-23 03:42:30,35.1,99.668,63.1,1811.44516
2026-05-23 03:43:20,35.0,99.668,67.1,149.46019
2026-05-23 03:44:10,35.1,99.675,64.1,-6.27989
2026-05-23 03:45:00,35.0,99.67,62.5,1598.90917
2026-05-23 03:45:50,35.1,99.666,64.5,1655.06748
2026-05-23 03:46:40,35.0,99.669,63.7,1525.24732
2026-05-23 03:47:30,35.0,99.671,64.7,1815.45054
2026-05-23 03:48:20,35.1,99.664,63.7,1352.79041
2026-05-23 03:49:10,35.1,99.665,64.8,-9.87134
2026-05-23 03:50:00,35.1,99.674,63.7,1764.4715
2026-05-23 03:50:50,35.0,99.669,66.5,-10.69214
2026-05-23 03:51:40,35.0,99.675,66.5,237.25622
2026-05-23 03:52:30,35.0,99.666,65.2,-9.00594
2026-05-23 03:53:20,35.0,99.665,64.6,1480.83835
2026-05-23 03:54:10,35.0,99.671,65.1,-8.2609
2026-05-23 03:55:00,35.0,99.667,65.6,402.06111
2026-05-23 03:55:50,35.0,99.665,65.5,1827.49838
2026-05-23 03:56:40,35.1,99.667,64.4,1886.1394
2026-05-23 03:57:30,35.0,99.669,64.8,-9.89699
2026-05-23 03:58:20,35.0,99.668,65.9,-9.7416
2026-05-23 03:59:10,35.1,99.67,64.3,250.92971
2026-05-23 04:00:00,35.0,99.665,64.8,-5.9361
2026-05-23 04:00:50,35.0,99.667,64.8,-5.94147
2026-05-23 04:01:40,35.0,99.664,65.9,1509.40778
2026-05-23 04:02:30,35.0,99.673,63.5,-5.33515
2026-05-23 04:03:20,35.0,99.668,64.4,-9.06433
2026-05-23 04:04:10,35.0,99.663,65.5,1400.31066
2026-05-23 04:05:00,35.1,99.667,66.2,-7.20353
2026-05-23 04:05:50,35.0,99.668,66.4,-8.70821
2026-05-23 04:06:40,35.1,99.669,64.2,-11.03561
2026-05-23 04:07:30,35.1,99.665,65.2,-10.21239
2026-05-23 04:08:20,35.0,99.666,66.2,183.52677
2026-05-23 04:09:10,35.0,99.671,66.6,1763.80643
2026-05-23 04:10:00,35.0,99.67,64.7,1747.11366
2026-05-23 04:10:50,35.1,99.671,65.0,1555.84758
2026-05-23 04:11:40,35.1,99.664,63.5,1679.45884
2026-05-23 04:12:30,35.0,99.661,65.0,1761.82438
2026-05-23 04:13:20,35.0,99.66,64.7,262.99566
2026-05-23 04:14:10,35.0,99.672,64.4,1931.33991
2026-05-23 04:15:00,35.0,99.669,64.1,1613.45737
2026-05-23 04:15:50,35.0,99.668,65.2,1733.91754
2026-05-23 04:16:40,35.0,99.666,65.4,-6.26578
2026-05-23 04:17:30,35.0,99.672,66.4,1866.05463
2026-05-23 04:18:20,35.0,99.667,64.1,-10.83526
2026-05-23 04:19:10,35.0,99.67,66.0,-10.3194
2026-05-23 04:20:00,35.1,99.665,65.2,-11.34809
2026-05-23 04:20:50,34.9,99.669,66.0,1895.5728
2026-05-23 04:21:40,35.0,99.683,64.8,-12.81981
2026-05-23 04:22:30,35.0,99.667,66.4,-13.34573
2026-05-23 04:23:20,35.1,99.674,66.4,-13.99798
2026-05-23 04:24:10,35.0,99.67,66.3,349.66682
2026-05-23 04:25:00,35.0,99.661,65.3,-6.99221
2026-05-23 04:25:50,35.0,99.666,63.7,-4.82849
2026-05-23 04:26:40,35.0,99.678,65.4,1546.78311
2026-05-23 04:27:30,35.1,99.669,65.4,1481.15485
2026-05-23 04:28:20,35.0,99.67,64.5,1599.50129
2026-05-23 04:29:10,35.1,99.674,64.9,1462.30213
2026-05-23 04:30:00,35.0,99.668,66.9,178.90212
2026-05-23 04:30:50,35.1,99.667,63.5,1876.17217
2026-05-23 04:31:40,35.0,99.673,64.9,109.69447
2026-05-23 04:32:30,35.1,99.667,64.1,1637.80178
2026-05-23 04:33:20,35.0,99.674,65.3,-9.79111
2026-05-23 04:34:10,35.0,99.678,65.4,-12.65442
2026-05-23 04:35:00,35.1,99.661,65.5,1708.05555
2026-05-23 04:35:50,35.0,99.666,65.3,-4.82362
2026-05-23 04:36:40,35.0,99.669,63.7,-8.14648
2026-05-23 04:37:30,35.0,99.663,64.5,1767.94748
2026-05-23 04:38:20,35.1,99.669,65.1,1443.20811
2026-05-23 04:39:10,35.0,99.672,67.4,-6.34886
2026-05-23 04:40:00,35.1,99.667,67.5,-8.63232
2026-05-23 04:40:50,34.9,99.666,62.8,-6.31686
2026-05-23 04:41:40,35.0,99.668,64.6,1624.55504
2026-05-23 04:42:30,35.0,99.668,63.9,-8.94505
2026-05-23 04:43:20,35.0,99.658,64.1,-14.74276
2026-05-23 04:44:10,35.0,99.668,64.9,50.45501
2026-05-23 04:45:00,35.1,99.678,65.5,195.31238
2026-05-23 04:45:50,35.0,99.667,66.3,49.16717
2026-05-23 04:46:40,35.0,99.67,64.4,-11.52925
2026-05-23 04:47:30,35.0,99.666,65.5,156.34604
2026-05-23 04:48:20,35.1,99.671,64.1,-13.38929
2026-05-23 04:49:10,35.0,99.677,65.2,-12.24312
2026-05-23 04:50:00,35.0,99.677,64.2,-9.3745
2026-05-23 04:50:50,35.0,99.668,65.5,-13.01008
2026-05-23 04:51:40,35.1,99.662,64.0,1628.70012
2026-05-23 04:52:30,35.0,99.661,65.1,-6.43925
2026-05-23 04:53:20,35.0,99.666,64.5,1792.69772
2026-05-23 04:54:10,35.0,99.666,67.3,-3.25163
2026-05-23 04:55:00,35.0,99.672,65.2,1499.0517
2026-05-23 04:55:50,35.0,99.665,61.9,1636.90858
2026-05-23 04:56:40,35.0,99.675,66.7,97.92487
2026-05-23 04:57:30,35.0,99.667,64.2,1694.71085
2026-05-23 04:58:20,35.0,99.664,64.2,1474.25589
2026-05-23 04:59:10,35.0,99.669,65.8,442.95109
2026-05-23 05:00:00,35.0,99.673,64.4,-11.04886
2026-05-23 05:00:50,35.0,99.667,64.3,159.6544
2026-05-23 05:01:40,34.9,99.669,66.6,-14.02478
2026-05-23 05:02:30,35.0,99.67,66.2,1466.72948
2026-05-23 05:03:20,35.1,99.661,64.9,-5.6159
2026-05-23 05:04:10,35.0,99.661,67.8,223.50525
2026-05-23 05:05:00,35.0,99.672,65.4,-9.00638
2026-05-23 05:05:50,35.1,99.656,64.2,-4.98599
2026-05-23 05:06:40,35.0,99.666,64.2,-13.6006
2026-05-23 05:07:30,35.0,99.66,66.0,1614.11345
2026-05-23 05:08:20,35.0,99.672,65.7,386.22121
2026-05-23 05:09:10,35.0,99.669,63.8,1493.06692
2026-05-23 05:10:00,35.0,99.666,65.8,1549.73948
2026-05-23 05:10:50,35.0,99.668,65.1,-8.43663
2026-05-23 05:11:40,35.0,99.668,64.1,1880.13038
2026-05-23 05:12:30,35.0,99.666,64.3,1544.41293
2026-05-23 05:13:20,35.1,99.67,64.0,1761.00587
2026-05-23 05:14:10,35.0,99.67,67.2,-7.9068
2026-05-23 05:15:00,35.0,99.67,66.8,-8.8457
2026-05-23 05:15:50,35.0,99.664,63.1,-2.55273
2026-05-23 05:16:40,35.0,99.671,65.2,-10.05117
2026-05-23 05:17:30,35.1,99.663,64.7,1447.22582
2026-05-23 05:18:20,35.0,99.671,65.4,1591.6331
2026-05-23 05:19:10,35.0,99.66,64.9,1772.74581
2026-05-23 05:20:00,35.0,99.664,66.7,1580.66449
2026-05-23 05:20:50,35.1,99.664,65.8,262.75134
2026-05-23 05:21:40,35.0,99.667,65.3,1577.07517
2026-05-23 05:22:30,35.1,99.67,64.9,-8.68943
2026-05-23 05:23:20,35.0,99.664,65.6,-6.06248
2026-05-23 05:24:10,35.0,99.668,66.3,-10.57011
2026-05-23 05:25:00,35.0,99.67,64.5,1697.08181
2026-05-23 05:25:50,35.0,99.661,66.3,-13.16245
